,date,time,comp,round,day,venue,result,gf,ga,opponent,poss,attendance,captain,formation,referee,match report,notes,sh,sot,dist,fk,pk,pkatt,season,team
1,2023-08-12,12:30,Premier League,Matchweek 1,Sat,Home,,,,Nott'ham Forest,,,,,,Head-to-Head,,,,,,,,2024,Arsenal
2,2023-08-21,20:00,Premier League,Matchweek 2,Mon,Away,,,,Crystal Palace,,,,,,Head-to-Head,,,,,,,,2024,Arsenal
3,2023-08-26,15:00,Premier League,Matchweek 3,Sat,Home,,,,Fulham,,,,,,Head-to-Head,,,,,,,,2024,Arsenal
4,2023-09-03,16:30,Premier League,Matchweek 4,Sun,Home,,,,Manchester Utd,,,,,,Head-to-Head,,,,,,,,2024,Arsenal
5,2023-09-16,17:30,Premier League,Matchweek 5,Sat,Away,,,,Everton,,,,,,Head-to-Head,,,,,,,,2024,Arsenal
6,2023-09-24,14:00,Premier League,Matchweek 6,Sun,Home,,,,Tottenham,,,,,,Head-to-Head,,,,,,,,2024,Arsenal
7,2023-09-30,15:00,Premier League,Matchweek 7,Sat,Away,,,,Bournemouth,,,,,,Head-to-Head,,,,,,,,2024,Arsenal
8,2023-10-07,,Premier League,Matchweek 8,Sat,Home,,,,Manchester City,,,,,,Head-to-Head,,,,,,,,2024,Arsenal
9,2023-10-21,,Premier League,Matchweek 9,Sat,Away,,,,Chelsea,,,,,,Head-to-Head,,,,,,,,2024,Arsenal
10,2023-10-28,,Premier League,Matchweek 10,Sat,Home,,,,Sheffield Utd,,,,,,Head-to-Head,,,,,,,,2024,Arsenal
11,2023-11-04,,Premier League,Matchweek 11,Sat,Away,,,,Newcastle Utd,,,,,,Head-to-Head,,,,,,,,2024,Arsenal
12,2023-11-11,,Premier League,Matchweek 12,Sat,Home,,,,Burnley,,,,,,Head-to-Head,,,,,,,,2024,Arsenal
13,2023-11-25,,Premier League,Matchweek 13,Sat,Away,,,,Brentford,,,,,,Head-to-Head,,,,,,,,2024,Arsenal
14,2023-12-02,,Premier League,Matchweek 14,Sat,Home,,,,Wolves,,,,,,Head-to-Head,,,,,,,,2024,Arsenal
15,2023-12-05,,Premier League,Matchweek 15,Tue,Away,,,,Luton Town,,,,,,Head-to-Head,,,,,,,,2024,Arsenal
16,2023-12-09,,Premier League,Matchweek 16,Sat,Away,,,,Aston Villa,,,,,,Head-to-Head,,,,,,,,2024,Arsenal
17,2023-12-16,,Premier League,Matchweek 17,Sat,Home,,,,Brighton,,,,,,Head-to-Head,,,,,,,,2024,Arsenal
18,2023-12-23,,Premier League,Matchweek 18,Sat,Away,,,,Liverpool,,,,,,Head-to-Head,,,,,,,,2024,Arsenal
19,2023-12-26,,Premier League,Matchweek 19,Tue,Home,,,,West Ham,,,,,,Head-to-Head,,,,,,,,2024,Arsenal
20,2023-12-30,,Premier League,Matchweek 20,Sat,Away,,,,Fulham,,,,,,Head-to-Head,,,,,,,,2024,Arsenal
21,2024-01-13,,Premier League,Matchweek 21,Sat,Home,,,,Crystal Palace,,,,,,Head-to-Head,,,,,,,,2024,Arsenal
22,2024-01-30,,Premier League,Matchweek 22,Tue,Away,,,,Nott'ham Forest,,,,,,Head-to-Head,,,,,,,,2024,Arsenal
23,2024-02-03,,Premier League,Matchweek 23,Sat,Home,,,,Liverpool,,,,,,Head-to-Head,,,,,,,,2024,Arsenal
24,2024-02-10,,Premier League,Matchweek 24,Sat,Away,,,,West Ham,,,,,,Head-to-Head,,,,,,,,2024,Arsenal
25,2024-02-17,,Premier League,Matchweek 25,Sat,Away,,,,Burnley,,,,,,Head-to-Head,,,,,,,,2024,Arsenal
26,2024-02-24,,Premier League,Matchweek 26,Sat,Home,,,,Newcastle Utd,,,,,,Head-to-Head,,,,,,,,2024,Arsenal
27,2024-03-02,,Premier League,Matchweek 27,Sat,Away,,,,Sheffield Utd,,,,,,Head-to-Head,,,,,,,,2024,Arsenal
28,2024-03-09,,Premier League,Matchweek 28,Sat,Home,,,,Brentford,,,,,,Head-to-Head,,,,,,,,2024,Arsenal
29,2024-03-16,,Premier League,Matchweek 29,Sat,Home,,,,Chelsea,,,,,,Head-to-Head,,,,,,,,2024,Arsenal
30,2024-03-30,,Premier League,Matchweek 30,Sat,Away,,,,Manchester City,,,,,,Head-to-Head,,,,,,,,2024,Arsenal
31,2024-04-02,,Premier League,Matchweek 31,Tue,Home,,,,Luton Town,,,,,,Head-to-Head,,,,,,,,2024,Arsenal
32,2024-04-06,,Premier League,Matchweek 32,Sat,Away,,,,Brighton,,,,,,Head-to-Head,,,,,,,,2024,Arsenal
33,2024-04-13,,Premier League,Matchweek 33,Sat,Home,,,,Aston Villa,,,,,,Head-to-Head,,,,,,,,2024,Arsenal
34,2024-04-20,,Premier League,Matchweek 34,Sat,Away,,,,Wolves,,,,,,Head-to-Head,,,,,,,,2024,Arsenal
35,2024-04-27,,Premier League,Matchweek 35,Sat,Away,,,,Tottenham,,,,,,Head-to-Head,,,,,,,,2024,Arsenal
36,2024-05-04,,Premier League,Matchweek 36,Sat,Home,,,,Bournemouth,,,,,,Head-to-Head,,,,,,,,2024,Arsenal
37,2024-05-11,,Premier League,Matchweek 37,Sat,Away,,,,Manchester Utd,,,,,,Head-to-Head,,,,,,,,2024,Arsenal
38,2024-05-19,,Premier League,Matchweek 38,Sun,Home,,,,Everton,,,,,,Head-to-Head,,,,,,,,2024,Arsenal
0,2023-08-12,17:30,Premier League,Matchweek 1,Sat,Away,,,,Newcastle Utd,,,,,,Head-to-Head,,,,,,,,2024,Aston Villa
1,2023-08-20,14:00,Premier League,Matchweek 2,Sun,Home,,,,Everton,,,,,,Head-to-Head,,,,,,,,2024,Aston Villa
2,2023-08-27,14:00,Premier League,Matchweek 3,Sun,Away,,,,Burnley,,,,,,Head-to-Head,,,,,,,,2024,Aston Villa
3,2023-09-03,14:00,Premier League,Matchweek 4,Sun,Away,,,,Liverpool,,,,,,Head-to-Head,,,,,,,,2024,Aston Villa
4,2023-09-16,15:00,Premier League,Matchweek 5,Sat,Home,,,,Crystal Palace,,,,,,Head-to-Head,,,,,,,,2024,Aston Villa
5,2023-09-23,15:00,Premier League,Matchweek 6,Sat,Away,,,,Chelsea,,,,,,Head-to-Head,,,,,,,,2024,Aston Villa
6,2023-09-30,12:30,Premier League,Matchweek 7,Sat,Home,,,,Brighton,,,,,,Head-to-Head,,,,,,,,2024,Aston Villa
7,2023-10-07,,Premier League,Matchweek 8,Sat,Away,,,,Wolves,,,,,,Head-to-Head,,,,,,,,2024,Aston Villa
8,2023-10-21,,Premier League,Matchweek 9,Sat,Home,,,,West Ham,,,,,,Head-to-Head,,,,,,,,2024,Aston Villa
9,2023-10-28,,Premier League,Matchweek 10,Sat,Home,,,,Luton Town,,,,,,Head-to-Head,,,,,,,,2024,Aston Villa
10,2023-11-04,,Premier League,Matchweek 11,Sat,Away,,,,Nott'ham Forest,,,,,,Head-to-Head,,,,,,,,2024,Aston Villa
11,2023-11-11,,Premier League,Matchweek 12,Sat,Home,,,,Fulham,,,,,,Head-to-Head,,,,,,,,2024,Aston Villa
12,2023-11-25,,Premier League,Matchweek 13,Sat,Away,,,,Tottenham,,,,,,Head-to-Head,,,,,,,,2024,Aston Villa
13,2023-12-02,,Premier League,Matchweek 14,Sat,Away,,,,Bournemouth,,,,,,Head-to-Head,,,,,,,,2024,Aston Villa
14,2023-12-05,,Premier League,Matchweek 15,Tue,Home,,,,Manchester City,,,,,,Head-to-Head,,,,,,,,2024,Aston Villa
15,2023-12-09,,Premier League,Matchweek 16,Sat,Home,,,,Arsenal,,,,,,Head-to-Head,,,,,,,,2024,Aston Villa
16,2023-12-16,,Premier League,Matchweek 17,Sat,Away,,,,Brentford,,,,,,Head-to-Head,,,,,,,,2024,Aston Villa
17,2023-12-23,,Premier League,Matchweek 18,Sat,Home,,,,Sheffield Utd,,,,,,Head-to-Head,,,,,,,,2024,Aston Villa
18,2023-12-26,,Premier League,Matchweek 19,Tue,Away,,,,Manchester Utd,,,,,,Head-to-Head,,,,,,,,2024,Aston Villa
19,2023-12-30,,Premier League,Matchweek 20,Sat,Home,,,,Burnley,,,,,,Head-to-Head,,,,,,,,2024,Aston Villa
20,2024-01-13,,Premier League,Matchweek 21,Sat,Away,,,,Everton,,,,,,Head-to-Head,,,,,,,,2024,Aston Villa
21,2024-01-30,,Premier League,Matchweek 22,Tue,Home,,,,Newcastle Utd,,,,,,Head-to-Head,,,,,,,,2024,Aston Villa
22,2024-02-03,,Premier League,Matchweek 23,Sat,Away,,,,Sheffield Utd,,,,,,Head-to-Head,,,,,,,,2024,Aston Villa
23,2024-02-10,,Premier League,Matchweek 24,Sat,Home,,,,Manchester Utd,,,,,,Head-to-Head,,,,,,,,2024,Aston Villa
24,2024-02-17,,Premier League,Matchweek 25,Sat,Away,,,,Fulham,,,,,,Head-to-Head,,,,,,,,2024,Aston Villa
25,2024-02-24,,Premier League,Matchweek 26,Sat,Home,,,,Nott'ham Forest,,,,,,Head-to-Head,,,,,,,,2024,Aston Villa
26,2024-03-02,,Premier League,Matchweek 27,Sat,Away,,,,Luton Town,,,,,,Head-to-Head,,,,,,,,2024,Aston Villa
27,2024-03-09,,Premier League,Matchweek 28,Sat,Home,,,,Tottenham,,,,,,Head-to-Head,,,,,,,,2024,Aston Villa
28,2024-03-16,,Premier League,Matchweek 29,Sat,Away,,,,West Ham,,,,,,Head-to-Head,,,,,,,,2024,Aston Villa
29,2024-03-30,,Premier League,Matchweek 30,Sat,Home,,,,Wolves,,,,,,Head-to-Head,,,,,,,,2024,Aston Villa
30,2024-04-03,,Premier League,Matchweek 31,Wed,Away,,,,Manchester City,,,,,,Head-to-Head,,,,,,,,2024,Aston Villa
31,2024-04-06,,Premier League,Matchweek 32,Sat,Home,,,,Brentford,,,,,,Head-to-Head,,,,,,,,2024,Aston Villa
32,2024-04-13,,Premier League,Matchweek 33,Sat,Away,,,,Arsenal,,,,,,Head-to-Head,,,,,,,,2024,Aston Villa
33,2024-04-20,,Premier League,Matchweek 34,Sat,Home,,,,Bournemouth,,,,,,Head-to-Head,,,,,,,,2024,Aston Villa
34,2024-04-27,,Premier League,Matchweek 35,Sat,Home,,,,Chelsea,,,,,,Head-to-Head,,,,,,,,2024,Aston Villa
35,2024-05-04,,Premier League,Matchweek 36,Sat,Away,,,,Brighton,,,,,,Head-to-Head,,,,,,,,2024,Aston Villa
36,2024-05-11,,Premier League,Matchweek 37,Sat,Home,,,,Liverpool,,,,,,Head-to-Head,,,,,,,,2024,Aston Villa
37,2024-05-19,,Premier League,Matchweek 38,Sun,Away,,,,Crystal Palace,,,,,,Head-to-Head,,,,,,,,2024,Aston Villa
0,2023-08-12,15:00,Premier League,Matchweek 1,Sat,Home,,,,West Ham,,,,,,Head-to-Head,,,,,,,,2024,Bournemouth
1,2023-08-19,15:00,Premier League,Matchweek 2,Sat,Away,,,,Liverpool,,,,,,Head-to-Head,,,,,,,,2024,Bournemouth
2,2023-08-26,12:30,Premier League,Matchweek 3,Sat,Home,,,,Tottenham,,,,,,Head-to-Head,,,,,,,,2024,Bournemouth
3,2023-09-02,15:00,Premier League,Matchweek 4,Sat,Away,,,,Brentford,,,,,,Head-to-Head,,,,,,,,2024,Bournemouth
4,2023-09-17,14:00,Premier League,Matchweek 5,Sun,Home,,,,Chelsea,,,,,,Head-to-Head,,,,,,,,2024,Bournemouth
5,2023-09-24,14:00,Premier League,Matchweek 6,Sun,Away,,,,Brighton,,,,,,Head-to-Head,,,,,,,,2024,Bournemouth
6,2023-09-30,15:00,Premier League,Matchweek 7,Sat,Home,,,,Arsenal,,,,,,Head-to-Head,,,,,,,,2024,Bournemouth
7,2023-10-07,,Premier League,Matchweek 8,Sat,Away,,,,Everton,,,,,,Head-to-Head,,,,,,,,2024,Bournemouth
8,2023-10-21,,Premier League,Matchweek 9,Sat,Home,,,,Wolves,,,,,,Head-to-Head,,,,,,,,2024,Bournemouth
9,2023-10-28,,Premier League,Matchweek 10,Sat,Home,,,,Burnley,,,,,,Head-to-Head,,,,,,,,2024,Bournemouth
10,2023-11-04,,Premier League,Matchweek 11,Sat,Away,,,,Manchester City,,,,,,Head-to-Head,,,,,,,,2024,Bournemouth
11,2023-11-11,,Premier League,Matchweek 12,Sat,Home,,,,Newcastle Utd,,,,,,Head-to-Head,,,,,,,,2024,Bournemouth
12,2023-11-25,,Premier League,Matchweek 13,Sat,Away,,,,Sheffield Utd,,,,,,Head-to-Head,,,,,,,,2024,Bournemouth
13,2023-12-02,,Premier League,Matchweek 14,Sat,Home,,,,Aston Villa,,,,,,Head-to-Head,,,,,,,,2024,Bournemouth
14,2023-12-05,,Premier League,Matchweek 15,Tue,Away,,,,Crystal Palace,,,,,,Head-to-Head,,,,,,,,2024,Bournemouth
15,2023-12-09,,Premier League,Matchweek 16,Sat,Away,,,,Manchester Utd,,,,,,Head-to-Head,,,,,,,,2024,Bournemouth
16,2023-12-16,,Premier League,Matchweek 17,Sat,Home,,,,Luton Town,,,,,,Head-to-Head,,,,,,,,2024,Bournemouth
17,2023-12-23,,Premier League,Matchweek 18,Sat,Away,,,,Nott'ham Forest,,,,,,Head-to-Head,,,,,,,,2024,Bournemouth
18,2023-12-26,,Premier League,Matchweek 19,Tue,Home,,,,Fulham,,,,,,Head-to-Head,,,,,,,,2024,Bournemouth
19,2023-12-30,,Premier League,Matchweek 20,Sat,Away,,,,Tottenham,,,,,,Head-to-Head,,,,,,,,2024,Bournemouth
20,2024-01-13,,Premier League,Matchweek 21,Sat,Home,,,,Liverpool,,,,,,Head-to-Head,,,,,,,,2024,Bournemouth
21,2024-01-30,,Premier League,Matchweek 22,Tue,Away,,,,West Ham,,,,,,Head-to-Head,,,,,,,,2024,Bournemouth
22,2024-02-03,,Premier League,Matchweek 23,Sat,Home,,,,Nott'ham Forest,,,,,,Head-to-Head,,,,,,,,2024,Bournemouth
23,2024-02-10,,Premier League,Matchweek 24,Sat,Away,,,,Fulham,,,,,,Head-to-Head,,,,,,,,2024,Bournemouth
24,2024-02-17,,Premier League,Matchweek 25,Sat,Away,,,,Newcastle Utd,,,,,,Head-to-Head,,,,,,,,2024,Bournemouth
25,2024-02-24,,Premier League,Matchweek 26,Sat,Home,,,,Manchester City,,,,,,Head-to-Head,,,,,,,,2024,Bournemouth
26,2024-03-02,,Premier League,Matchweek 27,Sat,Away,,,,Burnley,,,,,,Head-to-Head,,,,,,,,2024,Bournemouth
27,2024-03-09,,Premier League,Matchweek 28,Sat,Home,,,,Sheffield Utd,,,,,,Head-to-Head,,,,,,,,2024,Bournemouth
28,2024-03-16,,Premier League,Matchweek 29,Sat,Away,,,,Wolves,,,,,,Head-to-Head,,,,,,,,2024,Bournemouth
29,2024-03-30,,Premier League,Matchweek 30,Sat,Home,,,,Everton,,,,,,Head-to-Head,,,,,,,,2024,Bournemouth
30,2024-04-02,,Premier League,Matchweek 31,Tue,Home,,,,Crystal Palace,,,,,,Head-to-Head,,,,,,,,2024,Bournemouth
31,2024-04-06,,Premier League,Matchweek 32,Sat,Away,,,,Luton Town,,,,,,Head-to-Head,,,,,,,,2024,Bournemouth
32,2024-04-13,,Premier League,Matchweek 33,Sat,Home,,,,Manchester Utd,,,,,,Head-to-Head,,,,,,,,2024,Bournemouth
33,2024-04-20,,Premier League,Matchweek 34,Sat,Away,,,,Aston Villa,,,,,,Head-to-Head,,,,,,,,2024,Bournemouth
34,2024-04-27,,Premier League,Matchweek 35,Sat,Home,,,,Brighton,,,,,,Head-to-Head,,,,,,,,2024,Bournemouth
35,2024-05-04,,Premier League,Matchweek 36,Sat,Away,,,,Arsenal,,,,,,Head-to-Head,,,,,,,,2024,Bournemouth
36,2024-05-11,,Premier League,Matchweek 37,Sat,Home,,,,Brentford,,,,,,Head-to-Head,,,,,,,,2024,Bournemouth
37,2024-05-19,,Premier League,Matchweek 38,Sun,Away,,,,Chelsea,,,,,,Head-to-Head,,,,,,,,2024,Bournemouth
0,2023-08-13,14:00,Premier League,Matchweek 1,Sun,Home,,,,Tottenham,,,,,,Head-to-Head,,,,,,,,2024,Brentford
1,2023-08-19,15:00,Premier League,Matchweek 2,Sat,Away,,,,Fulham,,,,,,Head-to-Head,,,,,,,,2024,Brentford
2,2023-08-26,15:00,Premier League,Matchweek 3,Sat,Home,,,,Crystal Palace,,,,,,Head-to-Head,,,,,,,,2024,Brentford
3,2023-09-02,15:00,Premier League,Matchweek 4,Sat,Home,,,,Bournemouth,,,,,,Head-to-Head,,,,,,,,2024,Brentford
4,2023-09-17,16:30,Premier League,Matchweek 5,Sun,Away,,,,Newcastle Utd,,,,,,Head-to-Head,,,,,,,,2024,Brentford
5,2023-09-23,17:30,Premier League,Matchweek 6,Sat,Home,,,,Everton,,,,,,Head-to-Head,,,,,,,,2024,Brentford
6,2023-10-01,14:00,Premier League,Matchweek 7,Sun,Away,,,,Nott'ham Forest,,,,,,Head-to-Head,,,,,,,,2024,Brentford
7,2023-10-07,,Premier League,Matchweek 8,Sat,Away,,,,Manchester Utd,,,,,,Head-to-Head,,,,,,,,2024,Brentford
8,2023-10-21,,Premier League,Matchweek 9,Sat,Home,,,,Burnley,,,,,,Head-to-Head,,,,,,,,2024,Brentford
9,2023-10-28,,Premier League,Matchweek 10,Sat,Away,,,,Chelsea,,,,,,Head-to-Head,,,,,,,,2024,Brentford
10,2023-11-04,,Premier League,Matchweek 11,Sat,Home,,,,West Ham,,,,,,Head-to-Head,,,,,,,,2024,Brentford
11,2023-11-11,,Premier League,Matchweek 12,Sat,Away,,,,Liverpool,,,,,,Head-to-Head,,,,,,,,2024,Brentford
12,2023-11-25,,Premier League,Matchweek 13,Sat,Home,,,,Arsenal,,,,,,Head-to-Head,,,,,,,,2024,Brentford
13,2023-12-02,,Premier League,Matchweek 14,Sat,Home,,,,Luton Town,,,,,,Head-to-Head,,,,,,,,2024,Brentford
14,2023-12-05,,Premier League,Matchweek 15,Tue,Away,,,,Brighton,,,,,,Head-to-Head,,,,,,,,2024,Brentford
15,2023-12-09,,Premier League,Matchweek 16,Sat,Away,,,,Sheffield Utd,,,,,,Head-to-Head,,,,,,,,2024,Brentford
16,2023-12-16,,Premier League,Matchweek 17,Sat,Home,,,,Aston Villa,,,,,,Head-to-Head,,,,,,,,2024,Brentford
17,2023-12-23,,Premier League,Matchweek 18,Sat,Away,,,,Manchester City,,,,,,,Match Postponed,2024,Brentford
18,2023-12-26,,Premier League,Matchweek 19,Tue,Home,,,,Wolves,,,,,,Head-to-Head,,,,,,,,2024,Brentford
19,2023-12-30,,Premier League,Matchweek 20,Sat,Away,,,,Crystal Palace,,,,,,Head-to-Head,,,,,,,,2024,Brentford
20,2024-01-13,,Premier League,Matchweek 21,Sat,Home,,,,Nott'ham Forest,,,,,,Head-to-Head,,,,,,,,2024,Brentford
21,2024-01-30,,Premier League,Matchweek 22,Tue,Away,,,,Tottenham,,,,,,Head-to-Head,,,,,,,,2024,Brentford
22,2024-02-03,,Premier League,Matchweek 23,Sat,Home,,,,Manchester City,,,,,,Head-to-Head,,,,,,,,2024,Brentford
23,2024-02-10,,Premier League,Matchweek 24,Sat,Away,,,,Wolves,,,,,,Head-to-Head,,,,,,,,2024,Brentford
24,2024-02-17,,Premier League,Matchweek 25,Sat,Home,,,,Liverpool,,,,,,Head-to-Head,,,,,,,,2024,Brentford
25,2024-02-24,,Premier League,Matchweek 26,Sat,Away,,,,West Ham,,,,,,Head-to-Head,,,,,,,,2024,Brentford
26,2024-03-02,,Premier League,Matchweek 27,Sat,Home,,,,Chelsea,,,,,,Head-to-Head,,,,,,,,2024,Brentford
27,2024-03-09,,Premier League,Matchweek 28,Sat,Away,,,,Arsenal,,,,,,Head-to-Head,,,,,,,,2024,Brentford
28,2024-03-16,,Premier League,Matchweek 29,Sat,Away,,,,Burnley,,,,,,Head-to-Head,,,,,,,,2024,Brentford
29,2024-03-30,,Premier League,Matchweek 30,Sat,Home,,,,Manchester Utd,,,,,,Head-to-Head,,,,,,,,2024,Brentford
30,2024-04-02,,Premier League,Matchweek 31,Tue,Home,,,,Brighton,,,,,,Head-to-Head,,,,,,,,2024,Brentford
31,2024-04-06,,Premier League,Matchweek 32,Sat,Away,,,,Aston Villa,,,,,,Head-to-Head,,,,,,,,2024,Brentford
32,2024-04-13,,Premier League,Matchweek 33,Sat,Home,,,,Sheffield Utd,,,,,,Head-to-Head,,,,,,,,2024,Brentford
33,2024-04-20,,Premier League,Matchweek 34,Sat,Away,,,,Luton Town,,,,,,Head-to-Head,,,,,,,,2024,Brentford
34,2024-04-27,,Premier League,Matchweek 35,Sat,Away,,,,Everton,,,,,,Head-to-Head,,,,,,,,2024,Brentford
35,2024-05-04,,Premier League,Matchweek 36,Sat,Home,,,,Fulham,,,,,,Head-to-Head,,,,,,,,2024,Brentford
36,2024-05-11,,Premier League,Matchweek 37,Sat,Away,,,,Bournemouth,,,,,,Head-to-Head,,,,,,,,2024,Brentford
37,2024-05-19,,Premier League,Matchweek 38,Sun,Home,,,,Newcastle Utd,,,,,,Head-to-Head,,,,,,,,2024,Brentford
0,2023-08-12,15:00,Premier League,Matchweek 1,Sat,Home,,,,Luton Town,,,,,,Head-to-Head,,,,,,,,2024,Brighton and Hove Albion
1,2023-08-19,15:00,Premier League,Matchweek 2,Sat,Away,,,,Wolves,,,,,,Head-to-Head,,,,,,,,2024,Brighton and Hove Albion
2,2023-08-26,17:30,Premier League,Matchweek 3,Sat,Home,,,,West Ham,,,,,,Head-to-Head,,,,,,,,2024,Brighton and Hove Albion
3,2023-09-02,17:30,Premier League,Matchweek 4,Sat,Home,,,,Newcastle Utd,,,,,,Head-to-Head,,,,,,,,2024,Brighton and Hove Albion
4,2023-09-16,15:00,Premier League,Matchweek 5,Sat,Away,,,,Manchester Utd,,,,,,Head-to-Head,,,,,,,,2024,Brighton and Hove Albion
5,2023-09-24,14:00,Premier League,Matchweek 6,Sun,Home,,,,Bournemouth,,,,,,Head-to-Head,,,,,,,,2024,Brighton and Hove Albion
6,2023-09-30,12:30,Premier League,Matchweek 7,Sat,Away,,,,Aston Villa,,,,,,Head-to-Head,,,,,,,,2024,Brighton and Hove Albion
7,2023-10-07,,Premier League,Matchweek 8,Sat,Home,,,,Liverpool,,,,,,Head-to-Head,,,,,,,,2024,Brighton and Hove Albion
8,2023-10-21,,Premier League,Matchweek 9,Sat,Away,,,,Manchester City,,,,,,Head-to-Head,,,,,,,,2024,Brighton and Hove Albion
9,2023-10-28,,Premier League,Matchweek 10,Sat,Home,,,,Fulham,,,,,,Head-to-Head,,,,,,,,2024,Brighton and Hove Albion
10,2023-11-04,,Premier League,Matchweek 11,Sat,Away,,,,Everton,,,,,,Head-to-Head,,,,,,,,2024,Brighton and Hove Albion
11,2023-11-11,,Premier League,Matchweek 12,Sat,Home,,,,Sheffield Utd,,,,,,Head-to-Head,,,,,,,,2024,Brighton and Hove Albion
12,2023-11-25,,Premier League,Matchweek 13,Sat,Away,,,,Nott'ham Forest,,,,,,Head-to-Head,,,,,,,,2024,Brighton and Hove Albion
13,2023-12-02,,Premier League,Matchweek 14,Sat,Away,,,,Chelsea,,,,,,Head-to-Head,,,,,,,,2024,Brighton and Hove Albion
14,2023-12-05,,Premier League,Matchweek 15,Tue,Home,,,,Brentford,,,,,,Head-to-Head,,,,,,,,2024,Brighton and Hove Albion
15,2023-12-09,,Premier League,Matchweek 16,Sat,Home,,,,Burnley,,,,,,Head-to-Head,,,,,,,,2024,Brighton and Hove Albion
16,2023-12-16,,Premier League,Matchweek 17,Sat,Away,,,,Arsenal,,,,,,Head-to-Head,,,,,,,,2024,Brighton and Hove Albion
17,2023-12-23,,Premier League,Matchweek 18,Sat,Away,,,,Crystal Palace,,,,,,Head-to-Head,,,,,,,,2024,Brighton and Hove Albion
18,2023-12-26,,Premier League,Matchweek 19,Tue,Home,,,,Tottenham,,,,,,Head-to-Head,,,,,,,,2024,Brighton and Hove Albion
19,2023-12-30,,Premier League,Matchweek 20,Sat,Away,,,,West Ham,,,,,,Head-to-Head,,,,,,,,2024,Brighton and Hove Albion
20,2024-01-13,,Premier League,Matchweek 21,Sat,Home,,,,Wolves,,,,,,Head-to-Head,,,,,,,,2024,Brighton and Hove Albion
21,2024-01-30,,Premier League,Matchweek 22,Tue,Away,,,,Luton Town,,,,,,Head-to-Head,,,,,,,,2024,Brighton and Hove Albion
22,2024-02-03,,Premier League,Matchweek 23,Sat,Home,,,,Crystal Palace,,,,,,Head-to-Head,,,,,,,,2024,Brighton and Hove Albion
23,2024-02-10,,Premier League,Matchweek 24,Sat,Away,,,,Tottenham,,,,,,Head-to-Head,,,,,,,,2024,Brighton and Hove Albion
24,2024-02-17,,Premier League,Matchweek 25,Sat,Away,,,,Sheffield Utd,,,,,,Head-to-Head,,,,,,,,2024,Brighton and Hove Albion
25,2024-02-24,,Premier League,Matchweek 26,Sat,Home,,,,Everton,,,,,,Head-to-Head,,,,,,,,2024,Brighton and Hove Albion
26,2024-03-02,,Premier League,Matchweek 27,Sat,Away,,,,Fulham,,,,,,Head-to-Head,,,,,,,,2024,Brighton and Hove Albion
27,2024-03-09,,Premier League,Matchweek 28,Sat,Home,,,,Nott'ham Forest,,,,,,Head-to-Head,,,,,,,,2024,Brighton and Hove Albion
28,2024-03-16,,Premier League,Matchweek 29,Sat,Home,,,,Manchester City,,,,,,Head-to-Head,,,,,,,,2024,Brighton and Hove Albion
29,2024-03-30,,Premier League,Matchweek 30,Sat,Away,,,,Liverpool,,,,,,Head-to-Head,,,,,,,,2024,Brighton and Hove Albion
30,2024-04-02,,Premier League,Matchweek 31,Tue,Away,,,,Brentford,,,,,,Head-to-Head,,,,,,,,2024,Brighton and Hove Albion
31,2024-04-06,,Premier League,Matchweek 32,Sat,Home,,,,Arsenal,,,,,,Head-to-Head,,,,,,,,2024,Brighton and Hove Albion
32,2024-04-13,,Premier League,Matchweek 33,Sat,Away,,,,Burnley,,,,,,Head-to-Head,,,,,,,,2024,Brighton and Hove Albion
33,2024-04-20,,Premier League,Matchweek 34,Sat,Home,,,,Chelsea,,,,,,Head-to-Head,,,,,,,,2024,Brighton and Hove Albion
34,2024-04-27,,Premier League,Matchweek 35,Sat,Away,,,,Bournemouth,,,,,,Head-to-Head,,,,,,,,2024,Brighton and Hove Albion
35,2024-05-04,,Premier League,Matchweek 36,Sat,Home,,,,Aston Villa,,,,,,Head-to-Head,,,,,,,,2024,Brighton and Hove Albion
36,2024-05-11,,Premier League,Matchweek 37,Sat,Away,,,,Newcastle Utd,,,,,,Head-to-Head,,,,,,,,2024,Brighton and Hove Albion
37,2024-05-19,,Premier League,Matchweek 38,Sun,Home,,,,Manchester Utd,,,,,,Head-to-Head,,,,,,,,2024,Brighton and Hove Albion
0,2023-08-11,20:00,Premier League,Matchweek 1,Fri,Home,,,,Manchester City,,,,,,Head-to-Head,,,,,,,,2024,Burnley
1,2023-08-19,15:00,Premier League,Matchweek 2,Sat,Away,,,,Luton Town,,,,,,,Match Postponed,2024,Burnley
2,2023-08-27,14:00,Premier League,Matchweek 3,Sun,Home,,,,Aston Villa,,,,,,Head-to-Head,,,,,,,,2024,Burnley
3,2023-09-02,15:00,Premier League,Matchweek 4,Sat,Home,,,,Tottenham,,,,,,Head-to-Head,,,,,,,,2024,Burnley
4,2023-09-18,19:45,Premier League,Matchweek 5,Mon,Away,,,,Nott'ham Forest,,,,,,Head-to-Head,,,,,,,,2024,Burnley
5,2023-09-23,20:00,Premier League,Matchweek 6,Sat,Home,,,,Manchester Utd,,,,,,Head-to-Head,,,,,,,,2024,Burnley
6,2023-09-30,15:00,Premier League,Matchweek 7,Sat,Away,,,,Newcastle Utd,,,,,,Head-to-Head,,,,,,,,2024,Burnley
7,2023-10-07,,Premier League,Matchweek 8,Sat,Home,,,,Chelsea,,,,,,Head-to-Head,,,,,,,,2024,Burnley
8,2023-10-21,,Premier League,Matchweek 9,Sat,Away,,,,Brentford,,,,,,Head-to-Head,,,,,,,,2024,Burnley
9,2023-10-28,,Premier League,Matchweek 10,Sat,Away,,,,Bournemouth,,,,,,Head-to-Head,,,,,,,,2024,Burnley
10,2023-11-04,,Premier League,Matchweek 11,Sat,Home,,,,Crystal Palace,,,,,,Head-to-Head,,,,,,,,2024,Burnley
11,2023-11-11,,Premier League,Matchweek 12,Sat,Away,,,,Arsenal,,,,,,Head-to-Head,,,,,,,,2024,Burnley
12,2023-11-25,,Premier League,Matchweek 13,Sat,Home,,,,West Ham,,,,,,Head-to-Head,,,,,,,,2024,Burnley
13,2023-12-02,,Premier League,Matchweek 14,Sat,Home,,,,Sheffield Utd,,,,,,Head-to-Head,,,,,,,,2024,Burnley
14,2023-12-05,,Premier League,Matchweek 15,Tue,Away,,,,Wolves,,,,,,Head-to-Head,,,,,,,,2024,Burnley
15,2023-12-09,,Premier League,Matchweek 16,Sat,Away,,,,Brighton,,,,,,Head-to-Head,,,,,,,,2024,Burnley
16,2023-12-16,,Premier League,Matchweek 17,Sat,Home,,,,Everton,,,,,,Head-to-Head,,,,,,,,2024,Burnley
17,2023-12-23,,Premier League,Matchweek 18,Sat,Away,,,,Fulham,,,,,,Head-to-Head,,,,,,,,2024,Burnley
18,2023-12-26,,Premier League,Matchweek 19,Tue,Home,,,,Liverpool,,,,,,Head-to-Head,,,,,,,,2024,Burnley
19,2023-12-30,,Premier League,Matchweek 20,Sat,Away,,,,Aston Villa,,,,,,Head-to-Head,,,,,,,,2024,Burnley
20,2024-01-13,,Premier League,Matchweek 21,Sat,Home,,,,Luton Town,,,,,,Head-to-Head,,,,,,,,2024,Burnley
21,2024-01-31,,Premier League,Matchweek 22,Wed,Away,,,,Manchester City,,,,,,Head-to-Head,,,,,,,,2024,Burnley
22,2024-02-03,,Premier League,Matchweek 23,Sat,Home,,,,Fulham,,,,,,Head-to-Head,,,,,,,,2024,Burnley
23,2024-02-10,,Premier League,Matchweek 24,Sat,Away,,,,Liverpool,,,,,,Head-to-Head,,,,,,,,2024,Burnley
24,2024-02-17,,Premier League,Matchweek 25,Sat,Home,,,,Arsenal,,,,,,Head-to-Head,,,,,,,,2024,Burnley
25,2024-02-24,,Premier League,Matchweek 26,Sat,Away,,,,Crystal Palace,,,,,,Head-to-Head,,,,,,,,2024,Burnley
26,2024-03-02,,Premier League,Matchweek 27,Sat,Home,,,,Bournemouth,,,,,,Head-to-Head,,,,,,,,2024,Burnley
27,2024-03-09,,Premier League,Matchweek 28,Sat,Away,,,,West Ham,,,,,,Head-to-Head,,,,,,,,2024,Burnley
28,2024-03-16,,Premier League,Matchweek 29,Sat,Home,,,,Brentford,,,,,,Head-to-Head,,,,,,,,2024,Burnley
29,2024-03-30,,Premier League,Matchweek 30,Sat,Away,,,,Chelsea,,,,,,Head-to-Head,,,,,,,,2024,Burnley
30,2024-04-02,,Premier League,Matchweek 31,Tue,Home,,,,Wolves,,,,,,Head-to-Head,,,,,,,,2024,Burnley
31,2024-04-06,,Premier League,Matchweek 32,Sat,Away,,,,Everton,,,,,,Head-to-Head,,,,,,,,2024,Burnley
32,2024-04-13,,Premier League,Matchweek 33,Sat,Home,,,,Brighton,,,,,,Head-to-Head,,,,,,,,2024,Burnley
33,2024-04-20,,Premier League,Matchweek 34,Sat,Away,,,,Sheffield Utd,,,,,,Head-to-Head,,,,,,,,2024,Burnley
34,2024-04-27,,Premier League,Matchweek 35,Sat,Away,,,,Manchester Utd,,,,,,Head-to-Head,,,,,,,,2024,Burnley
35,2024-05-04,,Premier League,Matchweek 36,Sat,Home,,,,Newcastle Utd,,,,,,Head-to-Head,,,,,,,,2024,Burnley
36,2024-05-11,,Premier League,Matchweek 37,Sat,Away,,,,Tottenham,,,,,,Head-to-Head,,,,,,,,2024,Burnley
37,2024-05-19,,Premier League,Matchweek 38,Sun,Home,,,,Nott'ham Forest,,,,,,Head-to-Head,,,,,,,,2024,Burnley
0,2023-08-13,16:30,Premier League,Matchweek 1,Sun,Home,,,,Liverpool,,,,,,Head-to-Head,,,,,,,,2024,Chelsea
1,2023-08-20,16:30,Premier League,Matchweek 2,Sun,Away,,,,West Ham,,,,,,Head-to-Head,,,,,,,,2024,Chelsea
2,2023-08-25,20:00,Premier League,Matchweek 3,Fri,Home,,,,Luton Town,,,,,,Head-to-Head,,,,,,,,2024,Chelsea
3,2023-09-02,15:00,Premier League,Matchweek 4,Sat,Home,,,,Nott'ham Forest,,,,,,Head-to-Head,,,,,,,,2024,Chelsea
4,2023-09-17,14:00,Premier League,Matchweek 5,Sun,Away,,,,Bournemouth,,,,,,Head-to-Head,,,,,,,,2024,Chelsea
5,2023-09-23,15:00,Premier League,Matchweek 6,Sat,Home,,,,Aston Villa,,,,,,Head-to-Head,,,,,,,,2024,Chelsea
6,2023-10-02,20:00,Premier League,Matchweek 7,Mon,Away,,,,Fulham,,,,,,Head-to-Head,,,,,,,,2024,Chelsea
7,2023-10-07,,Premier League,Matchweek 8,Sat,Away,,,,Burnley,,,,,,Head-to-Head,,,,,,,,2024,Chelsea
8,2023-10-21,,Premier League,Matchweek 9,Sat,Home,,,,Arsenal,,,,,,Head-to-Head,,,,,,,,2024,Chelsea
9,2023-10-28,,Premier League,Matchweek 10,Sat,Home,,,,Brentford,,,,,,Head-to-Head,,,,,,,,2024,Chelsea
10,2023-11-04,,Premier League,Matchweek 11,Sat,Away,,,,Tottenham,,,,,,Head-to-Head,,,,,,,,2024,Chelsea
11,2023-11-11,,Premier League,Matchweek 12,Sat,Home,,,,Manchester City,,,,,,Head-to-Head,,,,,,,,2024,Chelsea
12,2023-11-25,,Premier League,Matchweek 13,Sat,Away,,,,Newcastle Utd,,,,,,Head-to-Head,,,,,,,,2024,Chelsea
13,2023-12-02,,Premier League,Matchweek 14,Sat,Home,,,,Brighton,,,,,,Head-to-Head,,,,,,,,2024,Chelsea
14,2023-12-06,,Premier League,Matchweek 15,Wed,Away,,,,Manchester Utd,,,,,,Head-to-Head,,,,,,,,2024,Chelsea
15,2023-12-09,,Premier League,Matchweek 16,Sat,Away,,,,Everton,,,,,,Head-to-Head,,,,,,,,2024,Chelsea
16,2023-12-16,,Premier League,Matchweek 17,Sat,Home,,,,Sheffield Utd,,,,,,Head-to-Head,,,,,,,,2024,Chelsea
17,2023-12-23,,Premier League,Matchweek 18,Sat,Away,,,,Wolves,,,,,,Head-to-Head,,,,,,,,2024,Chelsea
18,2023-12-26,,Premier League,Matchweek 19,Tue,Home,,,,Crystal Palace,,,,,,Head-to-Head,,,,,,,,2024,Chelsea
19,2023-12-30,,Premier League,Matchweek 20,Sat,Away,,,,Luton Town,,,,,,Head-to-Head,,,,,,,,2024,Chelsea
20,2024-01-13,,Premier League,Matchweek 21,Sat,Home,,,,Fulham,,,,,,Head-to-Head,,,,,,,,2024,Chelsea
21,2024-01-31,,Premier League,Matchweek 22,Wed,Away,,,,Liverpool,,,,,,Head-to-Head,,,,,,,,2024,Chelsea
22,2024-02-03,,Premier League,Matchweek 23,Sat,Home,,,,Wolves,,,,,,Head-to-Head,,,,,,,,2024,Chelsea
23,2024-02-10,,Premier League,Matchweek 24,Sat,Away,,,,Crystal Palace,,,,,,Head-to-Head,,,,,,,,2024,Chelsea
24,2024-02-17,,Premier League,Matchweek 25,Sat,Away,,,,Manchester City,,,,,,Head-to-Head,,,,,,,,2024,Chelsea
25,2024-02-24,,Premier League,Matchweek 26,Sat,Home,,,,Tottenham,,,,,,Head-to-Head,,,,,,,,2024,Chelsea
26,2024-03-02,,Premier League,Matchweek 27,Sat,Away,,,,Brentford,,,,,,Head-to-Head,,,,,,,,2024,Chelsea
27,2024-03-09,,Premier League,Matchweek 28,Sat,Home,,,,Newcastle Utd,,,,,,Head-to-Head,,,,,,,,2024,Chelsea
28,2024-03-16,,Premier League,Matchweek 29,Sat,Away,,,,Arsenal,,,,,,Head-to-Head,,,,,,,,2024,Chelsea
29,2024-03-30,,Premier League,Matchweek 30,Sat,Home,,,,Burnley,,,,,,Head-to-Head,,,,,,,,2024,Chelsea
30,2024-04-03,,Premier League,Matchweek 31,Wed,Home,,,,Manchester Utd,,,,,,Head-to-Head,,,,,,,,2024,Chelsea
31,2024-04-06,,Premier League,Matchweek 32,Sat,Away,,,,Sheffield Utd,,,,,,Head-to-Head,,,,,,,,2024,Chelsea
32,2024-04-13,,Premier League,Matchweek 33,Sat,Home,,,,Everton,,,,,,Head-to-Head,,,,,,,,2024,Chelsea
33,2024-04-20,,Premier League,Matchweek 34,Sat,Away,,,,Brighton,,,,,,Head-to-Head,,,,,,,,2024,Chelsea
34,2024-04-27,,Premier League,Matchweek 35,Sat,Away,,,,Aston Villa,,,,,,Head-to-Head,,,,,,,,2024,Chelsea
35,2024-05-04,,Premier League,Matchweek 36,Sat,Home,,,,West Ham,,,,,,Head-to-Head,,,,,,,,2024,Chelsea
36,2024-05-11,,Premier League,Matchweek 37,Sat,Away,,,,Nott'ham Forest,,,,,,Head-to-Head,,,,,,,,2024,Chelsea
37,2024-05-19,,Premier League,Matchweek 38,Sun,Home,,,,Bournemouth,,,,,,Head-to-Head,,,,,,,,2024,Chelsea
0,2023-08-12,15:00,Premier League,Matchweek 1,Sat,Away,,,,Sheffield Utd,,,,,,Head-to-Head,,,,,,,,2024,Crystal Palace
1,2023-08-21,20:00,Premier League,Matchweek 2,Mon,Home,,,,Arsenal,,,,,,Head-to-Head,,,,,,,,2024,Crystal Palace
2,2023-08-26,15:00,Premier League,Matchweek 3,Sat,Away,,,,Brentford,,,,,,Head-to-Head,,,,,,,,2024,Crystal Palace
3,2023-09-03,14:00,Premier League,Matchweek 4,Sun,Home,,,,Wolves,,,,,,Head-to-Head,,,,,,,,2024,Crystal Palace
4,2023-09-16,15:00,Premier League,Matchweek 5,Sat,Away,,,,Aston Villa,,,,,,Head-to-Head,,,,,,,,2024,Crystal Palace
5,2023-09-23,15:00,Premier League,Matchweek 6,Sat,Home,,,,Fulham,,,,,,Head-to-Head,,,,,,,,2024,Crystal Palace
6,2023-09-30,15:00,Premier League,Matchweek 7,Sat,Away,,,,Manchester Utd,,,,,,Head-to-Head,,,,,,,,2024,Crystal Palace
7,2023-10-07,,Premier League,Matchweek 8,Sat,Home,,,,Nott'ham Forest,,,,,,Head-to-Head,,,,,,,,2024,Crystal Palace
8,2023-10-21,,Premier League,Matchweek 9,Sat,Away,,,,Newcastle Utd,,,,,,Head-to-Head,,,,,,,,2024,Crystal Palace
9,2023-10-28,,Premier League,Matchweek 10,Sat,Home,,,,Tottenham,,,,,,Head-to-Head,,,,,,,,2024,Crystal Palace
10,2023-11-04,,Premier League,Matchweek 11,Sat,Away,,,,Burnley,,,,,,Head-to-Head,,,,,,,,2024,Crystal Palace
11,2023-11-11,,Premier League,Matchweek 12,Sat,Home,,,,Everton,,,,,,Head-to-Head,,,,,,,,2024,Crystal Palace
12,2023-11-25,,Premier League,Matchweek 13,Sat,Away,,,,Luton Town,,,,,,Head-to-Head,,,,,,,,2024,Crystal Palace
13,2023-12-02,,Premier League,Matchweek 14,Sat,Away,,,,West Ham,,,,,,Head-to-Head,,,,,,,,2024,Crystal Palace
14,2023-12-05,,Premier League,Matchweek 15,Tue,Home,,,,Bournemouth,,,,,,Head-to-Head,,,,,,,,2024,Crystal Palace
15,2023-12-09,,Premier League,Matchweek 16,Sat,Home,,,,Liverpool,,,,,,Head-to-Head,,,,,,,,2024,Crystal Palace
16,2023-12-16,,Premier League,Matchweek 17,Sat,Away,,,,Manchester City,,,,,,Head-to-Head,,,,,,,,2024,Crystal Palace
17,2023-12-23,,Premier League,Matchweek 18,Sat,Home,,,,Brighton,,,,,,Head-to-Head,,,,,,,,2024,Crystal Palace
18,2023-12-26,,Premier League,Matchweek 19,Tue,Away,,,,Chelsea,,,,,,Head-to-Head,,,,,,,,2024,Crystal Palace
19,2023-12-30,,Premier League,Matchweek 20,Sat,Home,,,,Brentford,,,,,,Head-to-Head,,,,,,,,2024,Crystal Palace
20,2024-01-13,,Premier League,Matchweek 21,Sat,Away,,,,Arsenal,,,,,,Head-to-Head,,,,,,,,2024,Crystal Palace
21,2024-01-30,,Premier League,Matchweek 22,Tue,Home,,,,Sheffield Utd,,,,,,Head-to-Head,,,,,,,,2024,Crystal Palace
22,2024-02-03,,Premier League,Matchweek 23,Sat,Away,,,,Brighton,,,,,,Head-to-Head,,,,,,,,2024,Crystal Palace
23,2024-02-10,,Premier League,Matchweek 24,Sat,Home,,,,Chelsea,,,,,,Head-to-Head,,,,,,,,2024,Crystal Palace
24,2024-02-17,,Premier League,Matchweek 25,Sat,Away,,,,Everton,,,,,,Head-to-Head,,,,,,,,2024,Crystal Palace
25,2024-02-24,,Premier League,Matchweek 26,Sat,Home,,,,Burnley,,,,,,Head-to-Head,,,,,,,,2024,Crystal Palace
26,2024-03-02,,Premier League,Matchweek 27,Sat,Away,,,,Tottenham,,,,,,Head-to-Head,,,,,,,,2024,Crystal Palace
27,2024-03-09,,Premier League,Matchweek 28,Sat,Home,,,,Luton Town,,,,,,Head-to-Head,,,,,,,,2024,Crystal Palace
28,2024-03-16,,Premier League,Matchweek 29,Sat,Home,,,,Newcastle Utd,,,,,,Head-to-Head,,,,,,,,2024,Crystal Palace
29,2024-03-30,,Premier League,Matchweek 30,Sat,Away,,,,Nott'ham Forest,,,,,,Head-to-Head,,,,,,,,2024,Crystal Palace
30,2024-04-02,,Premier League,Matchweek 31,Tue,Away,,,,Bournemouth,,,,,,Head-to-Head,,,,,,,,2024,Crystal Palace
31,2024-04-06,,Premier League,Matchweek 32,Sat,Home,,,,Manchester City,,,,,,Head-to-Head,,,,,,,,2024,Crystal Palace
32,2024-04-13,,Premier League,Matchweek 33,Sat,Away,,,,Liverpool,,,,,,Head-to-Head,,,,,,,,2024,Crystal Palace
33,2024-04-20,,Premier League,Matchweek 34,Sat,Home,,,,West Ham,,,,,,Head-to-Head,,,,,,,,2024,Crystal Palace
34,2024-04-27,,Premier League,Matchweek 35,Sat,Away,,,,Fulham,,,,,,Head-to-Head,,,,,,,,2024,Crystal Palace
35,2024-05-04,,Premier League,Matchweek 36,Sat,Home,,,,Manchester Utd,,,,,,Head-to-Head,,,,,,,,2024,Crystal Palace
36,2024-05-11,,Premier League,Matchweek 37,Sat,Away,,,,Wolves,,,,,,Head-to-Head,,,,,,,,2024,Crystal Palace
37,2024-05-19,,Premier League,Matchweek 38,Sun,Home,,,,Aston Villa,,,,,,Head-to-Head,,,,,,,,2024,Crystal Palace
0,2023-08-12,15:00,Premier League,Matchweek 1,Sat,Home,,,,Fulham,,,,,,Head-to-Head,,,,,,,,2024,Everton
1,2023-08-20,14:00,Premier League,Matchweek 2,Sun,Away,,,,Aston Villa,,,,,,Head-to-Head,,,,,,,,2024,Everton
2,2023-08-26,15:00,Premier League,Matchweek 3,Sat,Home,,,,Wolves,,,,,,Head-to-Head,,,,,,,,2024,Everton
3,2023-09-02,12:30,Premier League,Matchweek 4,Sat,Away,,,,Sheffield Utd,,,,,,Head-to-Head,,,,,,,,2024,Everton
4,2023-09-16,17:30,Premier League,Matchweek 5,Sat,Home,,,,Arsenal,,,,,,Head-to-Head,,,,,,,,2024,Everton
5,2023-09-23,17:30,Premier League,Matchweek 6,Sat,Away,,,,Brentford,,,,,,Head-to-Head,,,,,,,,2024,Everton
6,2023-09-30,15:00,Premier League,Matchweek 7,Sat,Home,,,,Luton Town,,,,,,Head-to-Head,,,,,,,,2024,Everton
7,2023-10-07,,Premier League,Matchweek 8,Sat,Home,,,,Bournemouth,,,,,,Head-to-Head,,,,,,,,2024,Everton
8,2023-10-21,,Premier League,Matchweek 9,Sat,Away,,,,Liverpool,,,,,,Head-to-Head,,,,,,,,2024,Everton
9,2023-10-28,,Premier League,Matchweek 10,Sat,Away,,,,West Ham,,,,,,Head-to-Head,,,,,,,,2024,Everton
10,2023-11-04,,Premier League,Matchweek 11,Sat,Home,,,,Brighton,,,,,,Head-to-Head,,,,,,,,2024,Everton
11,2023-11-11,,Premier League,Matchweek 12,Sat,Away,,,,Crystal Palace,,,,,,Head-to-Head,,,,,,,,2024,Everton
12,2023-11-25,,Premier League,Matchweek 13,Sat,Home,,,,Manchester Utd,,,,,,Head-to-Head,,,,,,,,2024,Everton
13,2023-12-02,,Premier League,Matchweek 14,Sat,Away,,,,Nott'ham Forest,,,,,,Head-to-Head,,,,,,,,2024,Everton
14,2023-12-05,,Premier League,Matchweek 15,Tue,Home,,,,Newcastle Utd,,,,,,Head-to-Head,,,,,,,,2024,Everton
15,2023-12-09,,Premier League,Matchweek 16,Sat,Home,,,,Chelsea,,,,,,Head-to-Head,,,,,,,,2024,Everton
16,2023-12-16,,Premier League,Matchweek 17,Sat,Away,,,,Burnley,,,,,,Head-to-Head,,,,,,,,2024,Everton
17,2023-12-23,,Premier League,Matchweek 18,Sat,Away,,,,Tottenham,,,,,,Head-to-Head,,,,,,,,2024,Everton
18,2023-12-26,,Premier League,Matchweek 19,Tue,Home,,,,Manchester City,,,,,,Head-to-Head,,,,,,,,2024,Everton
19,2023-12-30,,Premier League,Matchweek 20,Sat,Away,,,,Wolves,,,,,,Head-to-Head,,,,,,,,2024,Everton
20,2024-01-13,,Premier League,Matchweek 21,Sat,Home,,,,Aston Villa,,,,,,Head-to-Head,,,,,,,,2024,Everton
21,2024-01-30,,Premier League,Matchweek 22,Tue,Away,,,,Fulham,,,,,,Head-to-Head,,,,,,,,2024,Everton
22,2024-02-03,,Premier League,Matchweek 23,Sat,Home,,,,Tottenham,,,,,,Head-to-Head,,,,,,,,2024,Everton
23,2024-02-10,,Premier League,Matchweek 24,Sat,Away,,,,Manchester City,,,,,,Head-to-Head,,,,,,,,2024,Everton
24,2024-02-17,,Premier League,Matchweek 25,Sat,Home,,,,Crystal Palace,,,,,,Head-to-Head,,,,,,,,2024,Everton
25,2024-02-24,,Premier League,Matchweek 26,Sat,Away,,,,Brighton,,,,,,Head-to-Head,,,,,,,,2024,Everton
26,2024-03-02,,Premier League,Matchweek 27,Sat,Home,,,,West Ham,,,,,,Head-to-Head,,,,,,,,2024,Everton
27,2024-03-09,,Premier League,Matchweek 28,Sat,Away,,,,Manchester Utd,,,,,,Head-to-Head,,,,,,,,2024,Everton
28,2024-03-16,,Premier League,Matchweek 29,Sat,Home,,,,Liverpool,,,,,,Head-to-Head,,,,,,,,2024,Everton
29,2024-03-30,,Premier League,Matchweek 30,Sat,Away,,,,Bournemouth,,,,,,Head-to-Head,,,,,,,,2024,Everton
30,2024-04-03,,Premier League,Matchweek 31,Wed,Away,,,,Newcastle Utd,,,,,,Head-to-Head,,,,,,,,2024,Everton
31,2024-04-06,,Premier League,Matchweek 32,Sat,Home,,,,Burnley,,,,,,Head-to-Head,,,,,,,,2024,Everton
32,2024-04-13,,Premier League,Matchweek 33,Sat,Away,,,,Chelsea,,,,,,Head-to-Head,,,,,,,,2024,Everton
33,2024-04-20,,Premier League,Matchweek 34,Sat,Home,,,,Nott'ham Forest,,,,,,Head-to-Head,,,,,,,,2024,Everton
34,2024-04-27,,Premier League,Matchweek 35,Sat,Home,,,,Brentford,,,,,,Head-to-Head,,,,,,,,2024,Everton
35,2024-05-04,,Premier League,Matchweek 36,Sat,Away,,,,Luton Town,,,,,,Head-to-Head,,,,,,,,2024,Everton
36,2024-05-11,,Premier League,Matchweek 37,Sat,Home,,,,Sheffield Utd,,,,,,Head-to-Head,,,,,,,,2024,Everton
37,2024-05-19,,Premier League,Matchweek 38,Sun,Away,,,,Arsenal,,,,,,Head-to-Head,,,,,,,,2024,Everton
0,2023-08-12,15:00,Premier League,Matchweek 1,Sat,Away,,,,Everton,,,,,,Head-to-Head,,,,,,,,2024,Fulham
1,2023-08-19,15:00,Premier League,Matchweek 2,Sat,Home,,,,Brentford,,,,,,Head-to-Head,,,,,,,,2024,Fulham
2,2023-08-26,15:00,Premier League,Matchweek 3,Sat,Away,,,,Arsenal,,,,,,Head-to-Head,,,,,,,,2024,Fulham
3,2023-09-02,15:00,Premier League,Matchweek 4,Sat,Away,,,,Manchester City,,,,,,Head-to-Head,,,,,,,,2024,Fulham
4,2023-09-16,15:00,Premier League,Matchweek 5,Sat,Home,,,,Luton Town,,,,,,Head-to-Head,,,,,,,,2024,Fulham
5,2023-09-23,15:00,Premier League,Matchweek 6,Sat,Away,,,,Crystal Palace,,,,,,Head-to-Head,,,,,,,,2024,Fulham
6,2023-10-02,20:00,Premier League,Matchweek 7,Mon,Home,,,,Chelsea,,,,,,Head-to-Head,,,,,,,,2024,Fulham
7,2023-10-07,,Premier League,Matchweek 8,Sat,Home,,,,Sheffield Utd,,,,,,Head-to-Head,,,,,,,,2024,Fulham
8,2023-10-21,,Premier League,Matchweek 9,Sat,Away,,,,Tottenham,,,,,,Head-to-Head,,,,,,,,2024,Fulham
9,2023-10-28,,Premier League,Matchweek 10,Sat,Away,,,,Brighton,,,,,,Head-to-Head,,,,,,,,2024,Fulham
10,2023-11-04,,Premier League,Matchweek 11,Sat,Home,,,,Manchester Utd,,,,,,Head-to-Head,,,,,,,,2024,Fulham
11,2023-11-11,,Premier League,Matchweek 12,Sat,Away,,,,Aston Villa,,,,,,Head-to-Head,,,,,,,,2024,Fulham
12,2023-11-25,,Premier League,Matchweek 13,Sat,Home,,,,Wolves,,,,,,Head-to-Head,,,,,,,,2024,Fulham
13,2023-12-02,,Premier League,Matchweek 14,Sat,Away,,,,Liverpool,,,,,,Head-to-Head,,,,,,,,2024,Fulham
14,2023-12-05,,Premier League,Matchweek 15,Tue,Home,,,,Nott'ham Forest,,,,,,Head-to-Head,,,,,,,,2024,Fulham
15,2023-12-09,,Premier League,Matchweek 16,Sat,Home,,,,West Ham,,,,,,Head-to-Head,,,,,,,,2024,Fulham
16,2023-12-16,,Premier League,Matchweek 17,Sat,Away,,,,Newcastle Utd,,,,,,Head-to-Head,,,,,,,,2024,Fulham
17,2023-12-23,,Premier League,Matchweek 18,Sat,Home,,,,Burnley,,,,,,Head-to-Head,,,,,,,,2024,Fulham
18,2023-12-26,,Premier League,Matchweek 19,Tue,Away,,,,Bournemouth,,,,,,Head-to-Head,,,,,,,,2024,Fulham
19,2023-12-30,,Premier League,Matchweek 20,Sat,Home,,,,Arsenal,,,,,,Head-to-Head,,,,,,,,2024,Fulham
20,2024-01-13,,Premier League,Matchweek 21,Sat,Away,,,,Chelsea,,,,,,Head-to-Head,,,,,,,,2024,Fulham
21,2024-01-30,,Premier League,Matchweek 22,Tue,Home,,,,Everton,,,,,,Head-to-Head,,,,,,,,2024,Fulham
22,2024-02-03,,Premier League,Matchweek 23,Sat,Away,,,,Burnley,,,,,,Head-to-Head,,,,,,,,2024,Fulham
23,2024-02-10,,Premier League,Matchweek 24,Sat,Home,,,,Bournemouth,,,,,,Head-to-Head,,,,,,,,2024,Fulham
24,2024-02-17,,Premier League,Matchweek 25,Sat,Home,,,,Aston Villa,,,,,,Head-to-Head,,,,,,,,2024,Fulham
25,2024-02-24,,Premier League,Matchweek 26,Sat,Away,,,,Manchester Utd,,,,,,Head-to-Head,,,,,,,,2024,Fulham
26,2024-03-02,,Premier League,Matchweek 27,Sat,Home,,,,Brighton,,,,,,Head-to-Head,,,,,,,,2024,Fulham
27,2024-03-09,,Premier League,Matchweek 28,Sat,Away,,,,Wolves,,,,,,Head-to-Head,,,,,,,,2024,Fulham
28,2024-03-16,,Premier League,Matchweek 29,Sat,Home,,,,Tottenham,,,,,,Head-to-Head,,,,,,,,2024,Fulham
29,2024-03-30,,Premier League,Matchweek 30,Sat,Away,,,,Sheffield Utd,,,,,,Head-to-Head,,,,,,,,2024,Fulham
30,2024-04-02,,Premier League,Matchweek 31,Tue,Away,,,,Nott'ham Forest,,,,,,Head-to-Head,,,,,,,,2024,Fulham
31,2024-04-06,,Premier League,Matchweek 32,Sat,Home,,,,Newcastle Utd,,,,,,Head-to-Head,,,,,,,,2024,Fulham
32,2024-04-13,,Premier League,Matchweek 33,Sat,Away,,,,West Ham,,,,,,Head-to-Head,,,,,,,,2024,Fulham
33,2024-04-20,,Premier League,Matchweek 34,Sat,Home,,,,Liverpool,,,,,,Head-to-Head,,,,,,,,2024,Fulham
34,2024-04-27,,Premier League,Matchweek 35,Sat,Home,,,,Crystal Palace,,,,,,Head-to-Head,,,,,,,,2024,Fulham
35,2024-05-04,,Premier League,Matchweek 36,Sat,Away,,,,Brentford,,,,,,Head-to-Head,,,,,,,,2024,Fulham
36,2024-05-11,,Premier League,Matchweek 37,Sat,Home,,,,Manchester City,,,,,,Head-to-Head,,,,,,,,2024,Fulham
37,2024-05-19,,Premier League,Matchweek 38,Sun,Away,,,,Luton Town,,,,,,Head-to-Head,,,,,,,,2024,Fulham
0,2023-08-13,16:30,Premier League,Matchweek 1,Sun,Away,,,,Chelsea,,,,,,Head-to-Head,,,,,,,,2024,Liverpool
1,2023-08-19,15:00,Premier League,Matchweek 2,Sat,Home,,,,Bournemouth,,,,,,Head-to-Head,,,,,,,,2024,Liverpool
2,2023-08-27,16:30,Premier League,Matchweek 3,Sun,Away,,,,Newcastle Utd,,,,,,Head-to-Head,,,,,,,,2024,Liverpool
3,2023-09-03,14:00,Premier League,Matchweek 4,Sun,Home,,,,Aston Villa,,,,,,Head-to-Head,,,,,,,,2024,Liverpool
4,2023-09-16,12:30,Premier League,Matchweek 5,Sat,Away,,,,Wolves,,,,,,Head-to-Head,,,,,,,,2024,Liverpool
5,2023-09-24,14:00,Premier League,Matchweek 6,Sun,Home,,,,West Ham,,,,,,Head-to-Head,,,,,,,,2024,Liverpool
6,2023-09-30,17:30,Premier League,Matchweek 7,Sat,Away,,,,Tottenham,,,,,,Head-to-Head,,,,,,,,2024,Liverpool
7,2023-10-07,,Premier League,Matchweek 8,Sat,Away,,,,Brighton,,,,,,Head-to-Head,,,,,,,,2024,Liverpool
8,2023-10-21,,Premier League,Matchweek 9,Sat,Home,,,,Everton,,,,,,Head-to-Head,,,,,,,,2024,Liverpool
9,2023-10-28,,Premier League,Matchweek 10,Sat,Home,,,,Nott'ham Forest,,,,,,Head-to-Head,,,,,,,,2024,Liverpool
10,2023-11-04,,Premier League,Matchweek 11,Sat,Away,,,,Luton Town,,,,,,Head-to-Head,,,,,,,,2024,Liverpool
11,2023-11-11,,Premier League,Matchweek 12,Sat,Home,,,,Brentford,,,,,,Head-to-Head,,,,,,,,2024,Liverpool
12,2023-11-25,,Premier League,Matchweek 13,Sat,Away,,,,Manchester City,,,,,,Head-to-Head,,,,,,,,2024,Liverpool
13,2023-12-02,,Premier League,Matchweek 14,Sat,Home,,,,Fulham,,,,,,Head-to-Head,,,,,,,,2024,Liverpool
14,2023-12-05,,Premier League,Matchweek 15,Tue,Away,,,,Sheffield Utd,,,,,,Head-to-Head,,,,,,,,2024,Liverpool
15,2023-12-09,,Premier League,Matchweek 16,Sat,Away,,,,Crystal Palace,,,,,,Head-to-Head,,,,,,,,2024,Liverpool
16,2023-12-16,,Premier League,Matchweek 17,Sat,Home,,,,Manchester Utd,,,,,,Head-to-Head,,,,,,,,2024,Liverpool
17,2023-12-23,,Premier League,Matchweek 18,Sat,Home,,,,Arsenal,,,,,,Head-to-Head,,,,,,,,2024,Liverpool
18,2023-12-26,,Premier League,Matchweek 19,Tue,Away,,,,Burnley,,,,,,Head-to-Head,,,,,,,,2024,Liverpool
19,2023-12-30,,Premier League,Matchweek 20,Sat,Home,,,,Newcastle Utd,,,,,,Head-to-Head,,,,,,,,2024,Liverpool
20,2024-01-13,,Premier League,Matchweek 21,Sat,Away,,,,Bournemouth,,,,,,Head-to-Head,,,,,,,,2024,Liverpool
21,2024-01-31,,Premier League,Matchweek 22,Wed,Home,,,,Chelsea,,,,,,Head-to-Head,,,,,,,,2024,Liverpool
22,2024-02-03,,Premier League,Matchweek 23,Sat,Away,,,,Arsenal,,,,,,Head-to-Head,,,,,,,,2024,Liverpool
23,2024-02-10,,Premier League,Matchweek 24,Sat,Home,,,,Burnley,,,,,,Head-to-Head,,,,,,,,2024,Liverpool
24,2024-02-17,,Premier League,Matchweek 25,Sat,Away,,,,Brentford,,,,,,Head-to-Head,,,,,,,,2024,Liverpool
25,2024-02-24,,Premier League,Matchweek 26,Sat,Home,,,,Luton Town,,,,,,Head-to-Head,,,,,,,,2024,Liverpool
26,2024-03-02,,Premier League,Matchweek 27,Sat,Away,,,,Nott'ham Forest,,,,,,Head-to-Head,,,,,,,,2024,Liverpool
27,2024-03-09,,Premier League,Matchweek 28,Sat,Home,,,,Manchester City,,,,,,Head-to-Head,,,,,,,,2024,Liverpool
28,2024-03-16,,Premier League,Matchweek 29,Sat,Away,,,,Everton,,,,,,Head-to-Head,,,,,,,,2024,Liverpool
29,2024-03-30,,Premier League,Matchweek 30,Sat,Home,,,,Brighton,,,,,,Head-to-Head,,,,,,,,2024,Liverpool
30,2024-04-03,,Premier League,Matchweek 31,Wed,Home,,,,Sheffield Utd,,,,,,Head-to-Head,,,,,,,,2024,Liverpool
31,2024-04-06,,Premier League,Matchweek 32,Sat,Away,,,,Manchester Utd,,,,,,Head-to-Head,,,,,,,,2024,Liverpool
32,2024-04-13,,Premier League,Matchweek 33,Sat,Home,,,,Crystal Palace,,,,,,Head-to-Head,,,,,,,,2024,Liverpool
33,2024-04-20,,Premier League,Matchweek 34,Sat,Away,,,,Fulham,,,,,,Head-to-Head,,,,,,,,2024,Liverpool
34,2024-04-27,,Premier League,Matchweek 35,Sat,Away,,,,West Ham,,,,,,Head-to-Head,,,,,,,,2024,Liverpool
35,2024-05-04,,Premier League,Matchweek 36,Sat,Home,,,,Tottenham,,,,,,Head-to-Head,,,,,,,,2024,Liverpool
36,2024-05-11,,Premier League,Matchweek 37,Sat,Away,,,,Aston Villa,,,,,,Head-to-Head,,,,,,,,2024,Liverpool
37,2024-05-19,,Premier League,Matchweek 38,Sun,Home,,,,Wolves,,,,,,Head-to-Head,,,,,,,,2024,Liverpool
0,2023-08-12,15:00,Premier League,Matchweek 1,Sat,Away,,,,Brighton,,,,,,Head-to-Head,,,,,,,,2024,Luton Town
1,2023-08-19,15:00,Premier League,Matchweek 2,Sat,Home,,,,Burnley,,,,,,,Match Postponed,2024,Luton Town
2,2023-08-25,20:00,Premier League,Matchweek 3,Fri,Away,,,,Chelsea,,,,,,Head-to-Head,,,,,,,,2024,Luton Town
3,2023-09-01,20:00,Premier League,Matchweek 4,Fri,Home,,,,West Ham,,,,,,Head-to-Head,,,,,,,,2024,Luton Town
4,2023-09-16,15:00,Premier League,Matchweek 5,Sat,Away,,,,Fulham,,,,,,Head-to-Head,,,,,,,,2024,Luton Town
5,2023-09-23,15:00,Premier League,Matchweek 6,Sat,Home,,,,Wolves,,,,,,Head-to-Head,,,,,,,,2024,Luton Town
6,2023-09-30,15:00,Premier League,Matchweek 7,Sat,Away,,,,Everton,,,,,,Head-to-Head,,,,,,,,2024,Luton Town
7,2023-10-07,,Premier League,Matchweek 8,Sat,Home,,,,Tottenham,,,,,,Head-to-Head,,,,,,,,2024,Luton Town
8,2023-10-21,,Premier League,Matchweek 9,Sat,Away,,,,Nott'ham Forest,,,,,,Head-to-Head,,,,,,,,2024,Luton Town
9,2023-10-28,,Premier League,Matchweek 10,Sat,Away,,,,Aston Villa,,,,,,Head-to-Head,,,,,,,,2024,Luton Town
10,2023-11-04,,Premier League,Matchweek 11,Sat,Home,,,,Liverpool,,,,,,Head-to-Head,,,,,,,,2024,Luton Town
11,2023-11-11,,Premier League,Matchweek 12,Sat,Away,,,,Manchester Utd,,,,,,Head-to-Head,,,,,,,,2024,Luton Town
12,2023-11-25,,Premier League,Matchweek 13,Sat,Home,,,,Crystal Palace,,,,,,Head-to-Head,,,,,,,,2024,Luton Town
13,2023-12-02,,Premier League,Matchweek 14,Sat,Away,,,,Brentford,,,,,,Head-to-Head,,,,,,,,2024,Luton Town
14,2023-12-05,,Premier League,Matchweek 15,Tue,Home,,,,Arsenal,,,,,,Head-to-Head,,,,,,,,2024,Luton Town
15,2023-12-09,,Premier League,Matchweek 16,Sat,Home,,,,Manchester City,,,,,,Head-to-Head,,,,,,,,2024,Luton Town
16,2023-12-16,,Premier League,Matchweek 17,Sat,Away,,,,Bournemouth,,,,,,Head-to-Head,,,,,,,,2024,Luton Town
17,2023-12-23,,Premier League,Matchweek 18,Sat,Home,,,,Newcastle Utd,,,,,,Head-to-Head,,,,,,,,2024,Luton Town
18,2023-12-26,,Premier League,Matchweek 19,Tue,Away,,,,Sheffield Utd,,,,,,Head-to-Head,,,,,,,,2024,Luton Town
19,2023-12-30,,Premier League,Matchweek 20,Sat,Home,,,,Chelsea,,,,,,Head-to-Head,,,,,,,,2024,Luton Town
20,2024-01-13,,Premier League,Matchweek 21,Sat,Away,,,,Burnley,,,,,,Head-to-Head,,,,,,,,2024,Luton Town
21,2024-01-30,,Premier League,Matchweek 22,Tue,Home,,,,Brighton,,,,,,Head-to-Head,,,,,,,,2024,Luton Town
22,2024-02-03,,Premier League,Matchweek 23,Sat,Away,,,,Newcastle Utd,,,,,,Head-to-Head,,,,,,,,2024,Luton Town
23,2024-02-10,,Premier League,Matchweek 24,Sat,Home,,,,Sheffield Utd,,,,,,Head-to-Head,,,,,,,,2024,Luton Town
24,2024-02-17,,Premier League,Matchweek 25,Sat,Home,,,,Manchester Utd,,,,,,Head-to-Head,,,,,,,,2024,Luton Town
25,2024-02-24,,Premier League,Matchweek 26,Sat,Away,,,,Liverpool,,,,,,Head-to-Head,,,,,,,,2024,Luton Town
26,2024-03-02,,Premier League,Matchweek 27,Sat,Home,,,,Aston Villa,,,,,,Head-to-Head,,,,,,,,2024,Luton Town
27,2024-03-09,,Premier League,Matchweek 28,Sat,Away,,,,Crystal Palace,,,,,,Head-to-Head,,,,,,,,2024,Luton Town
28,2024-03-16,,Premier League,Matchweek 29,Sat,Home,,,,Nott'ham Forest,,,,,,Head-to-Head,,,,,,,,2024,Luton Town
29,2024-03-30,,Premier League,Matchweek 30,Sat,Away,,,,Tottenham,,,,,,Head-to-Head,,,,,,,,2024,Luton Town
30,2024-04-02,,Premier League,Matchweek 31,Tue,Away,,,,Arsenal,,,,,,Head-to-Head,,,,,,,,2024,Luton Town
31,2024-04-06,,Premier League,Matchweek 32,Sat,Home,,,,Bournemouth,,,,,,Head-to-Head,,,,,,,,2024,Luton Town
32,2024-04-13,,Premier League,Matchweek 33,Sat,Away,,,,Manchester City,,,,,,Head-to-Head,,,,,,,,2024,Luton Town
33,2024-04-20,,Premier League,Matchweek 34,Sat,Home,,,,Brentford,,,,,,Head-to-Head,,,,,,,,2024,Luton Town
34,2024-04-27,,Premier League,Matchweek 35,Sat,Away,,,,Wolves,,,,,,Head-to-Head,,,,,,,,2024,Luton Town
35,2024-05-04,,Premier League,Matchweek 36,Sat,Home,,,,Everton,,,,,,Head-to-Head,,,,,,,,2024,Luton Town
36,2024-05-11,,Premier League,Matchweek 37,Sat,Away,,,,West Ham,,,,,,Head-to-Head,,,,,,,,2024,Luton Town
37,2024-05-19,,Premier League,Matchweek 38,Sun,Home,,,,Fulham,,,,,,Head-to-Head,,,,,,,,2024,Luton Town
1,2023-08-11,20:00,Premier League,Matchweek 1,Fri,Away,,,,Burnley,,,,,,Head-to-Head,,,,,,,,2024,Manchester City
2,2023-08-19,20:00,Premier League,Matchweek 2,Sat,Home,,,,Newcastle Utd,,,,,,Head-to-Head,,,,,,,,2024,Manchester City
3,2023-08-27,14:00,Premier League,Matchweek 3,Sun,Away,,,,Sheffield Utd,,,,,,Head-to-Head,,,,,,,,2024,Manchester City
4,2023-09-02,15:00,Premier League,Matchweek 4,Sat,Home,,,,Fulham,,,,,,Head-to-Head,,,,,,,,2024,Manchester City
5,2023-09-16,15:00,Premier League,Matchweek 5,Sat,Away,,,,West Ham,,,,,,Head-to-Head,,,,,,,,2024,Manchester City
6,2023-09-23,15:00,Premier League,Matchweek 6,Sat,Home,,,,Nott'ham Forest,,,,,,Head-to-Head,,,,,,,,2024,Manchester City
7,2023-09-30,15:00,Premier League,Matchweek 7,Sat,Away,,,,Wolves,,,,,,Head-to-Head,,,,,,,,2024,Manchester City
8,2023-10-07,,Premier League,Matchweek 8,Sat,Away,,,,Arsenal,,,,,,Head-to-Head,,,,,,,,2024,Manchester City
9,2023-10-21,,Premier League,Matchweek 9,Sat,Home,,,,Brighton,,,,,,Head-to-Head,,,,,,,,2024,Manchester City
10,2023-10-28,,Premier League,Matchweek 10,Sat,Away,,,,Manchester Utd,,,,,,Head-to-Head,,,,,,,,2024,Manchester City
11,2023-11-04,,Premier League,Matchweek 11,Sat,Home,,,,Bournemouth,,,,,,Head-to-Head,,,,,,,,2024,Manchester City
12,2023-11-11,,Premier League,Matchweek 12,Sat,Away,,,,Chelsea,,,,,,Head-to-Head,,,,,,,,2024,Manchester City
13,2023-11-25,,Premier League,Matchweek 13,Sat,Home,,,,Liverpool,,,,,,Head-to-Head,,,,,,,,2024,Manchester City
14,2023-12-02,,Premier League,Matchweek 14,Sat,Home,,,,Tottenham,,,,,,Head-to-Head,,,,,,,,2024,Manchester City
15,2023-12-05,,Premier League,Matchweek 15,Tue,Away,,,,Aston Villa,,,,,,Head-to-Head,,,,,,,,2024,Manchester City
16,2023-12-09,,Premier League,Matchweek 16,Sat,Away,,,,Luton Town,,,,,,Head-to-Head,,,,,,,,2024,Manchester City
17,2023-12-16,,Premier League,Matchweek 17,Sat,Home,,,,Crystal Palace,,,,,,Head-to-Head,,,,,,,,2024,Manchester City
18,2023-12-23,,Premier League,Matchweek 18,Sat,Home,,,,Brentford,,,,,,,Match Postponed,2024,Manchester City
19,2023-12-26,,Premier League,Matchweek 19,Tue,Away,,,,Everton,,,,,,Head-to-Head,,,,,,,,2024,Manchester City
20,2023-12-30,,Premier League,Matchweek 20,Sat,Home,,,,Sheffield Utd,,,,,,Head-to-Head,,,,,,,,2024,Manchester City
21,2024-01-13,,Premier League,Matchweek 21,Sat,Away,,,,Newcastle Utd,,,,,,Head-to-Head,,,,,,,,2024,Manchester City
22,2024-01-31,,Premier League,Matchweek 22,Wed,Home,,,,Burnley,,,,,,Head-to-Head,,,,,,,,2024,Manchester City
23,2024-02-03,,Premier League,Matchweek 23,Sat,Away,,,,Brentford,,,,,,Head-to-Head,,,,,,,,2024,Manchester City
24,2024-02-10,,Premier League,Matchweek 24,Sat,Home,,,,Everton,,,,,,Head-to-Head,,,,,,,,2024,Manchester City
25,2024-02-17,,Premier League,Matchweek 25,Sat,Home,,,,Chelsea,,,,,,Head-to-Head,,,,,,,,2024,Manchester City
26,2024-02-24,,Premier League,Matchweek 26,Sat,Away,,,,Bournemouth,,,,,,Head-to-Head,,,,,,,,2024,Manchester City
27,2024-03-02,,Premier League,Matchweek 27,Sat,Home,,,,Manchester Utd,,,,,,Head-to-Head,,,,,,,,2024,Manchester City
28,2024-03-09,,Premier League,Matchweek 28,Sat,Away,,,,Liverpool,,,,,,Head-to-Head,,,,,,,,2024,Manchester City
29,2024-03-16,,Premier League,Matchweek 29,Sat,Away,,,,Brighton,,,,,,Head-to-Head,,,,,,,,2024,Manchester City
30,2024-03-30,,Premier League,Matchweek 30,Sat,Home,,,,Arsenal,,,,,,Head-to-Head,,,,,,,,2024,Manchester City
31,2024-04-03,,Premier League,Matchweek 31,Wed,Home,,,,Aston Villa,,,,,,Head-to-Head,,,,,,,,2024,Manchester City
32,2024-04-06,,Premier League,Matchweek 32,Sat,Away,,,,Crystal Palace,,,,,,Head-to-Head,,,,,,,,2024,Manchester City
33,2024-04-13,,Premier League,Matchweek 33,Sat,Home,,,,Luton Town,,,,,,Head-to-Head,,,,,,,,2024,Manchester City
34,2024-04-20,,Premier League,Matchweek 34,Sat,Away,,,,Tottenham,,,,,,Head-to-Head,,,,,,,,2024,Manchester City
35,2024-04-27,,Premier League,Matchweek 35,Sat,Away,,,,Nott'ham Forest,,,,,,Head-to-Head,,,,,,,,2024,Manchester City
36,2024-05-04,,Premier League,Matchweek 36,Sat,Home,,,,Wolves,,,,,,Head-to-Head,,,,,,,,2024,Manchester City
37,2024-05-11,,Premier League,Matchweek 37,Sat,Away,,,,Fulham,,,,,,Head-to-Head,,,,,,,,2024,Manchester City
38,2024-05-19,,Premier League,Matchweek 38,Sun,Home,,,,West Ham,,,,,,Head-to-Head,,,,,,,,2024,Manchester City
0,2023-08-14,20:00,Premier League,Matchweek 1,Mon,Home,,,,Wolves,,,,,,Head-to-Head,,,,,,,,2024,Manchester United
1,2023-08-19,17:30,Premier League,Matchweek 2,Sat,Away,,,,Tottenham,,,,,,Head-to-Head,,,,,,,,2024,Manchester United
2,2023-08-26,15:00,Premier League,Matchweek 3,Sat,Home,,,,Nott'ham Forest,,,,,,Head-to-Head,,,,,,,,2024,Manchester United
3,2023-09-03,16:30,Premier League,Matchweek 4,Sun,Away,,,,Arsenal,,,,,,Head-to-Head,,,,,,,,2024,Manchester United
4,2023-09-16,15:00,Premier League,Matchweek 5,Sat,Home,,,,Brighton,,,,,,Head-to-Head,,,,,,,,2024,Manchester United
5,2023-09-23,20:00,Premier League,Matchweek 6,Sat,Away,,,,Burnley,,,,,,Head-to-Head,,,,,,,,2024,Manchester United
6,2023-09-30,15:00,Premier League,Matchweek 7,Sat,Home,,,,Crystal Palace,,,,,,Head-to-Head,,,,,,,,2024,Manchester United
7,2023-10-07,,Premier League,Matchweek 8,Sat,Home,,,,Brentford,,,,,,Head-to-Head,,,,,,,,2024,Manchester United
8,2023-10-21,,Premier League,Matchweek 9,Sat,Away,,,,Sheffield Utd,,,,,,Head-to-Head,,,,,,,,2024,Manchester United
9,2023-10-28,,Premier League,Matchweek 10,Sat,Home,,,,Manchester City,,,,,,Head-to-Head,,,,,,,,2024,Manchester United
10,2023-11-04,,Premier League,Matchweek 11,Sat,Away,,,,Fulham,,,,,,Head-to-Head,,,,,,,,2024,Manchester United
11,2023-11-11,,Premier League,Matchweek 12,Sat,Home,,,,Luton Town,,,,,,Head-to-Head,,,,,,,,2024,Manchester United
12,2023-11-25,,Premier League,Matchweek 13,Sat,Away,,,,Everton,,,,,,Head-to-Head,,,,,,,,2024,Manchester United
13,2023-12-02,,Premier League,Matchweek 14,Sat,Away,,,,Newcastle Utd,,,,,,Head-to-Head,,,,,,,,2024,Manchester United
14,2023-12-06,,Premier League,Matchweek 15,Wed,Home,,,,Chelsea,,,,,,Head-to-Head,,,,,,,,2024,Manchester United
15,2023-12-09,,Premier League,Matchweek 16,Sat,Home,,,,Bournemouth,,,,,,Head-to-Head,,,,,,,,2024,Manchester United
16,2023-12-16,,Premier League,Matchweek 17,Sat,Away,,,,Liverpool,,,,,,Head-to-Head,,,,,,,,2024,Manchester United
17,2023-12-23,,Premier League,Matchweek 18,Sat,Away,,,,West Ham,,,,,,Head-to-Head,,,,,,,,2024,Manchester United
18,2023-12-26,,Premier League,Matchweek 19,Tue,Home,,,,Aston Villa,,,,,,Head-to-Head,,,,,,,,2024,Manchester United
19,2023-12-30,,Premier League,Matchweek 20,Sat,Away,,,,Nott'ham Forest,,,,,,Head-to-Head,,,,,,,,2024,Manchester United
20,2024-01-13,,Premier League,Matchweek 21,Sat,Home,,,,Tottenham,,,,,,Head-to-Head,,,,,,,,2024,Manchester United
21,2024-01-30,,Premier League,Matchweek 22,Tue,Away,,,,Wolves,,,,,,Head-to-Head,,,,,,,,2024,Manchester United
22,2024-02-03,,Premier League,Matchweek 23,Sat,Home,,,,West Ham,,,,,,Head-to-Head,,,,,,,,2024,Manchester United
23,2024-02-10,,Premier League,Matchweek 24,Sat,Away,,,,Aston Villa,,,,,,Head-to-Head,,,,,,,,2024,Manchester United
24,2024-02-17,,Premier League,Matchweek 25,Sat,Away,,,,Luton Town,,,,,,Head-to-Head,,,,,,,,2024,Manchester United
25,2024-02-24,,Premier League,Matchweek 26,Sat,Home,,,,Fulham,,,,,,Head-to-Head,,,,,,,,2024,Manchester United
26,2024-03-02,,Premier League,Matchweek 27,Sat,Away,,,,Manchester City,,,,,,Head-to-Head,,,,,,,,2024,Manchester United
27,2024-03-09,,Premier League,Matchweek 28,Sat,Home,,,,Everton,,,,,,Head-to-Head,,,,,,,,2024,Manchester United
28,2024-03-16,,Premier League,Matchweek 29,Sat,Home,,,,Sheffield Utd,,,,,,Head-to-Head,,,,,,,,2024,Manchester United
29,2024-03-30,,Premier League,Matchweek 30,Sat,Away,,,,Brentford,,,,,,Head-to-Head,,,,,,,,2024,Manchester United
30,2024-04-03,,Premier League,Matchweek 31,Wed,Away,,,,Chelsea,,,,,,Head-to-Head,,,,,,,,2024,Manchester United
31,2024-04-06,,Premier League,Matchweek 32,Sat,Home,,,,Liverpool,,,,,,Head-to-Head,,,,,,,,2024,Manchester United
32,2024-04-13,,Premier League,Matchweek 33,Sat,Away,,,,Bournemouth,,,,,,Head-to-Head,,,,,,,,2024,Manchester United
33,2024-04-20,,Premier League,Matchweek 34,Sat,Home,,,,Newcastle Utd,,,,,,Head-to-Head,,,,,,,,2024,Manchester United
34,2024-04-27,,Premier League,Matchweek 35,Sat,Home,,,,Burnley,,,,,,Head-to-Head,,,,,,,,2024,Manchester United
35,2024-05-04,,Premier League,Matchweek 36,Sat,Away,,,,Crystal Palace,,,,,,Head-to-Head,,,,,,,,2024,Manchester United
36,2024-05-11,,Premier League,Matchweek 37,Sat,Home,,,,Arsenal,,,,,,Head-to-Head,,,,,,,,2024,Manchester United
37,2024-05-19,,Premier League,Matchweek 38,Sun,Away,,,,Brighton,,,,,,Head-to-Head,,,,,,,,2024,Manchester United
0,2023-08-12,17:30,Premier League,Matchweek 1,Sat,Home,,,,Aston Villa,,,,,,Head-to-Head,,,,,,,,2024,Newcastle United
1,2023-08-19,20:00,Premier League,Matchweek 2,Sat,Away,,,,Manchester City,,,,,,Head-to-Head,,,,,,,,2024,Newcastle United
2,2023-08-27,16:30,Premier League,Matchweek 3,Sun,Home,,,,Liverpool,,,,,,Head-to-Head,,,,,,,,2024,Newcastle United
3,2023-09-02,17:30,Premier League,Matchweek 4,Sat,Away,,,,Brighton,,,,,,Head-to-Head,,,,,,,,2024,Newcastle United
4,2023-09-17,16:30,Premier League,Matchweek 5,Sun,Home,,,,Brentford,,,,,,Head-to-Head,,,,,,,,2024,Newcastle United
5,2023-09-24,16:30,Premier League,Matchweek 6,Sun,Away,,,,Sheffield Utd,,,,,,Head-to-Head,,,,,,,,2024,Newcastle United
6,2023-09-30,15:00,Premier League,Matchweek 7,Sat,Home,,,,Burnley,,,,,,Head-to-Head,,,,,,,,2024,Newcastle United
7,2023-10-07,,Premier League,Matchweek 8,Sat,Away,,,,West Ham,,,,,,Head-to-Head,,,,,,,,2024,Newcastle United
8,2023-10-21,,Premier League,Matchweek 9,Sat,Home,,,,Crystal Palace,,,,,,Head-to-Head,,,,,,,,2024,Newcastle United
9,2023-10-28,,Premier League,Matchweek 10,Sat,Away,,,,Wolves,,,,,,Head-to-Head,,,,,,,,2024,Newcastle United
10,2023-11-04,,Premier League,Matchweek 11,Sat,Home,,,,Arsenal,,,,,,Head-to-Head,,,,,,,,2024,Newcastle United
11,2023-11-11,,Premier League,Matchweek 12,Sat,Away,,,,Bournemouth,,,,,,Head-to-Head,,,,,,,,2024,Newcastle United
12,2023-11-25,,Premier League,Matchweek 13,Sat,Home,,,,Chelsea,,,,,,Head-to-Head,,,,,,,,2024,Newcastle United
13,2023-12-02,,Premier League,Matchweek 14,Sat,Home,,,,Manchester Utd,,,,,,Head-to-Head,,,,,,,,2024,Newcastle United
14,2023-12-05,,Premier League,Matchweek 15,Tue,Away,,,,Everton,,,,,,Head-to-Head,,,,,,,,2024,Newcastle United
15,2023-12-09,,Premier League,Matchweek 16,Sat,Away,,,,Tottenham,,,,,,Head-to-Head,,,,,,,,2024,Newcastle United
16,2023-12-16,,Premier League,Matchweek 17,Sat,Home,,,,Fulham,,,,,,Head-to-Head,,,,,,,,2024,Newcastle United
17,2023-12-23,,Premier League,Matchweek 18,Sat,Away,,,,Luton Town,,,,,,Head-to-Head,,,,,,,,2024,Newcastle United
18,2023-12-26,,Premier League,Matchweek 19,Tue,Home,,,,Nott'ham Forest,,,,,,Head-to-Head,,,,,,,,2024,Newcastle United
19,2023-12-30,,Premier League,Matchweek 20,Sat,Away,,,,Liverpool,,,,,,Head-to-Head,,,,,,,,2024,Newcastle United
20,2024-01-13,,Premier League,Matchweek 21,Sat,Home,,,,Manchester City,,,,,,Head-to-Head,,,,,,,,2024,Newcastle United
21,2024-01-30,,Premier League,Matchweek 22,Tue,Away,,,,Aston Villa,,,,,,Head-to-Head,,,,,,,,2024,Newcastle United
22,2024-02-03,,Premier League,Matchweek 23,Sat,Home,,,,Luton Town,,,,,,Head-to-Head,,,,,,,,2024,Newcastle United
23,2024-02-10,,Premier League,Matchweek 24,Sat,Away,,,,Nott'ham Forest,,,,,,Head-to-Head,,,,,,,,2024,Newcastle United
24,2024-02-17,,Premier League,Matchweek 25,Sat,Home,,,,Bournemouth,,,,,,Head-to-Head,,,,,,,,2024,Newcastle United
25,2024-02-24,,Premier League,Matchweek 26,Sat,Away,,,,Arsenal,,,,,,Head-to-Head,,,,,,,,2024,Newcastle United
26,2024-03-02,,Premier League,Matchweek 27,Sat,Home,,,,Wolves,,,,,,Head-to-Head,,,,,,,,2024,Newcastle United
27,2024-03-09,,Premier League,Matchweek 28,Sat,Away,,,,Chelsea,,,,,,Head-to-Head,,,,,,,,2024,Newcastle United
28,2024-03-16,,Premier League,Matchweek 29,Sat,Away,,,,Crystal Palace,,,,,,Head-to-Head,,,,,,,,2024,Newcastle United
29,2024-03-30,,Premier League,Matchweek 30,Sat,Home,,,,West Ham,,,,,,Head-to-Head,,,,,,,,2024,Newcastle United
30,2024-04-03,,Premier League,Matchweek 31,Wed,Home,,,,Everton,,,,,,Head-to-Head,,,,,,,,2024,Newcastle United
31,2024-04-06,,Premier League,Matchweek 32,Sat,Away,,,,Fulham,,,,,,Head-to-Head,,,,,,,,2024,Newcastle United
32,2024-04-13,,Premier League,Matchweek 33,Sat,Home,,,,Tottenham,,,,,,Head-to-Head,,,,,,,,2024,Newcastle United
33,2024-04-20,,Premier League,Matchweek 34,Sat,Away,,,,Manchester Utd,,,,,,Head-to-Head,,,,,,,,2024,Newcastle United
34,2024-04-27,,Premier League,Matchweek 35,Sat,Home,,,,Sheffield Utd,,,,,,Head-to-Head,,,,,,,,2024,Newcastle United
35,2024-05-04,,Premier League,Matchweek 36,Sat,Away,,,,Burnley,,,,,,Head-to-Head,,,,,,,,2024,Newcastle United
36,2024-05-11,,Premier League,Matchweek 37,Sat,Home,,,,Brighton,,,,,,Head-to-Head,,,,,,,,2024,Newcastle United
37,2024-05-19,,Premier League,Matchweek 38,Sun,Away,,,,Brentford,,,,,,Head-to-Head,,,,,,,,2024,Newcastle United
0,2023-08-12,12:30,Premier League,Matchweek 1,Sat,Away,,,,Arsenal,,,,,,Head-to-Head,,,,,,,,2024,Nottingham Forest
1,2023-08-18,19:45,Premier League,Matchweek 2,Fri,Home,,,,Sheffield Utd,,,,,,Head-to-Head,,,,,,,,2024,Nottingham Forest
2,2023-08-26,15:00,Premier League,Matchweek 3,Sat,Away,,,,Manchester Utd,,,,,,Head-to-Head,,,,,,,,2024,Nottingham Forest
3,2023-09-02,15:00,Premier League,Matchweek 4,Sat,Away,,,,Chelsea,,,,,,Head-to-Head,,,,,,,,2024,Nottingham Forest
4,2023-09-18,19:45,Premier League,Matchweek 5,Mon,Home,,,,Burnley,,,,,,Head-to-Head,,,,,,,,2024,Nottingham Forest
5,2023-09-23,15:00,Premier League,Matchweek 6,Sat,Away,,,,Manchester City,,,,,,Head-to-Head,,,,,,,,2024,Nottingham Forest
6,2023-10-01,14:00,Premier League,Matchweek 7,Sun,Home,,,,Brentford,,,,,,Head-to-Head,,,,,,,,2024,Nottingham Forest
7,2023-10-07,,Premier League,Matchweek 8,Sat,Away,,,,Crystal Palace,,,,,,Head-to-Head,,,,,,,,2024,Nottingham Forest
8,2023-10-21,,Premier League,Matchweek 9,Sat,Home,,,,Luton Town,,,,,,Head-to-Head,,,,,,,,2024,Nottingham Forest
9,2023-10-28,,Premier League,Matchweek 10,Sat,Away,,,,Liverpool,,,,,,Head-to-Head,,,,,,,,2024,Nottingham Forest
10,2023-11-04,,Premier League,Matchweek 11,Sat,Home,,,,Aston Villa,,,,,,Head-to-Head,,,,,,,,2024,Nottingham Forest
11,2023-11-11,,Premier League,Matchweek 12,Sat,Away,,,,West Ham,,,,,,Head-to-Head,,,,,,,,2024,Nottingham Forest
12,2023-11-25,,Premier League,Matchweek 13,Sat,Home,,,,Brighton,,,,,,Head-to-Head,,,,,,,,2024,Nottingham Forest
13,2023-12-02,,Premier League,Matchweek 14,Sat,Home,,,,Everton,,,,,,Head-to-Head,,,,,,,,2024,Nottingham Forest
14,2023-12-05,,Premier League,Matchweek 15,Tue,Away,,,,Fulham,,,,,,Head-to-Head,,,,,,,,2024,Nottingham Forest
15,2023-12-09,,Premier League,Matchweek 16,Sat,Away,,,,Wolves,,,,,,Head-to-Head,,,,,,,,2024,Nottingham Forest
16,2023-12-16,,Premier League,Matchweek 17,Sat,Home,,,,Tottenham,,,,,,Head-to-Head,,,,,,,,2024,Nottingham Forest
17,2023-12-23,,Premier League,Matchweek 18,Sat,Home,,,,Bournemouth,,,,,,Head-to-Head,,,,,,,,2024,Nottingham Forest
18,2023-12-26,,Premier League,Matchweek 19,Tue,Away,,,,Newcastle Utd,,,,,,Head-to-Head,,,,,,,,2024,Nottingham Forest
19,2023-12-30,,Premier League,Matchweek 20,Sat,Home,,,,Manchester Utd,,,,,,Head-to-Head,,,,,,,,2024,Nottingham Forest
20,2024-01-13,,Premier League,Matchweek 21,Sat,Away,,,,Brentford,,,,,,Head-to-Head,,,,,,,,2024,Nottingham Forest
21,2024-01-30,,Premier League,Matchweek 22,Tue,Home,,,,Arsenal,,,,,,Head-to-Head,,,,,,,,2024,Nottingham Forest
22,2024-02-03,,Premier League,Matchweek 23,Sat,Away,,,,Bournemouth,,,,,,Head-to-Head,,,,,,,,2024,Nottingham Forest
23,2024-02-10,,Premier League,Matchweek 24,Sat,Home,,,,Newcastle Utd,,,,,,Head-to-Head,,,,,,,,2024,Nottingham Forest
24,2024-02-17,,Premier League,Matchweek 25,Sat,Home,,,,West Ham,,,,,,Head-to-Head,,,,,,,,2024,Nottingham Forest
25,2024-02-24,,Premier League,Matchweek 26,Sat,Away,,,,Aston Villa,,,,,,Head-to-Head,,,,,,,,2024,Nottingham Forest
26,2024-03-02,,Premier League,Matchweek 27,Sat,Home,,,,Liverpool,,,,,,Head-to-Head,,,,,,,,2024,Nottingham Forest
27,2024-03-09,,Premier League,Matchweek 28,Sat,Away,,,,Brighton,,,,,,Head-to-Head,,,,,,,,2024,Nottingham Forest
28,2024-03-16,,Premier League,Matchweek 29,Sat,Away,,,,Luton Town,,,,,,Head-to-Head,,,,,,,,2024,Nottingham Forest
29,2024-03-30,,Premier League,Matchweek 30,Sat,Home,,,,Crystal Palace,,,,,,Head-to-Head,,,,,,,,2024,Nottingham Forest
30,2024-04-02,,Premier League,Matchweek 31,Tue,Home,,,,Fulham,,,,,,Head-to-Head,,,,,,,,2024,Nottingham Forest
31,2024-04-06,,Premier League,Matchweek 32,Sat,Away,,,,Tottenham,,,,,,Head-to-Head,,,,,,,,2024,Nottingham Forest
32,2024-04-13,,Premier League,Matchweek 33,Sat,Home,,,,Wolves,,,,,,Head-to-Head,,,,,,,,2024,Nottingham Forest
33,2024-04-20,,Premier League,Matchweek 34,Sat,Away,,,,Everton,,,,,,Head-to-Head,,,,,,,,2024,Nottingham Forest
34,2024-04-27,,Premier League,Matchweek 35,Sat,Home,,,,Manchester City,,,,,,Head-to-Head,,,,,,,,2024,Nottingham Forest
35,2024-05-04,,Premier League,Matchweek 36,Sat,Away,,,,Sheffield Utd,,,,,,Head-to-Head,,,,,,,,2024,Nottingham Forest
36,2024-05-11,,Premier League,Matchweek 37,Sat,Home,,,,Chelsea,,,,,,Head-to-Head,,,,,,,,2024,Nottingham Forest
37,2024-05-19,,Premier League,Matchweek 38,Sun,Away,,,,Burnley,,,,,,Head-to-Head,,,,,,,,2024,Nottingham Forest
0,2023-08-12,15:00,Premier League,Matchweek 1,Sat,Home,,,,Crystal Palace,,,,,,Head-to-Head,,,,,,,,2024,Sheffield United
1,2023-08-18,19:45,Premier League,Matchweek 2,Fri,Away,,,,Nott'ham Forest,,,,,,Head-to-Head,,,,,,,,2024,Sheffield United
2,2023-08-27,14:00,Premier League,Matchweek 3,Sun,Home,,,,Manchester City,,,,,,Head-to-Head,,,,,,,,2024,Sheffield United
3,2023-09-02,12:30,Premier League,Matchweek 4,Sat,Home,,,,Everton,,,,,,Head-to-Head,,,,,,,,2024,Sheffield United
4,2023-09-16,15:00,Premier League,Matchweek 5,Sat,Away,,,,Tottenham,,,,,,Head-to-Head,,,,,,,,2024,Sheffield United
5,2023-09-24,16:30,Premier League,Matchweek 6,Sun,Home,,,,Newcastle Utd,,,,,,Head-to-Head,,,,,,,,2024,Sheffield United
6,2023-09-30,15:00,Premier League,Matchweek 7,Sat,Away,,,,West Ham,,,,,,Head-to-Head,,,,,,,,2024,Sheffield United
7,2023-10-07,,Premier League,Matchweek 8,Sat,Away,,,,Fulham,,,,,,Head-to-Head,,,,,,,,2024,Sheffield United
8,2023-10-21,,Premier League,Matchweek 9,Sat,Home,,,,Manchester Utd,,,,,,Head-to-Head,,,,,,,,2024,Sheffield United
9,2023-10-28,,Premier League,Matchweek 10,Sat,Away,,,,Arsenal,,,,,,Head-to-Head,,,,,,,,2024,Sheffield United
10,2023-11-04,,Premier League,Matchweek 11,Sat,Home,,,,Wolves,,,,,,Head-to-Head,,,,,,,,2024,Sheffield United
11,2023-11-11,,Premier League,Matchweek 12,Sat,Away,,,,Brighton,,,,,,Head-to-Head,,,,,,,,2024,Sheffield United
12,2023-11-25,,Premier League,Matchweek 13,Sat,Home,,,,Bournemouth,,,,,,Head-to-Head,,,,,,,,2024,Sheffield United
13,2023-12-02,,Premier League,Matchweek 14,Sat,Away,,,,Burnley,,,,,,Head-to-Head,,,,,,,,2024,Sheffield United
14,2023-12-05,,Premier League,Matchweek 15,Tue,Home,,,,Liverpool,,,,,,Head-to-Head,,,,,,,,2024,Sheffield United
15,2023-12-09,,Premier League,Matchweek 16,Sat,Home,,,,Brentford,,,,,,Head-to-Head,,,,,,,,2024,Sheffield United
16,2023-12-16,,Premier League,Matchweek 17,Sat,Away,,,,Chelsea,,,,,,Head-to-Head,,,,,,,,2024,Sheffield United
17,2023-12-23,,Premier League,Matchweek 18,Sat,Away,,,,Aston Villa,,,,,,Head-to-Head,,,,,,,,2024,Sheffield United
18,2023-12-26,,Premier League,Matchweek 19,Tue,Home,,,,Luton Town,,,,,,Head-to-Head,,,,,,,,2024,Sheffield United
19,2023-12-30,,Premier League,Matchweek 20,Sat,Away,,,,Manchester City,,,,,,Head-to-Head,,,,,,,,2024,Sheffield United
20,2024-01-13,,Premier League,Matchweek 21,Sat,Home,,,,West Ham,,,,,,Head-to-Head,,,,,,,,2024,Sheffield United
21,2024-01-30,,Premier League,Matchweek 22,Tue,Away,,,,Crystal Palace,,,,,,Head-to-Head,,,,,,,,2024,Sheffield United
22,2024-02-03,,Premier League,Matchweek 23,Sat,Home,,,,Aston Villa,,,,,,Head-to-Head,,,,,,,,2024,Sheffield United
23,2024-02-10,,Premier League,Matchweek 24,Sat,Away,,,,Luton Town,,,,,,Head-to-Head,,,,,,,,2024,Sheffield United
24,2024-02-17,,Premier League,Matchweek 25,Sat,Home,,,,Brighton,,,,,,Head-to-Head,,,,,,,,2024,Sheffield United
25,2024-02-24,,Premier League,Matchweek 26,Sat,Away,,,,Wolves,,,,,,Head-to-Head,,,,,,,,2024,Sheffield United
26,2024-03-02,,Premier League,Matchweek 27,Sat,Home,,,,Arsenal,,,,,,Head-to-Head,,,,,,,,2024,Sheffield United
27,2024-03-09,,Premier League,Matchweek 28,Sat,Away,,,,Bournemouth,,,,,,Head-to-Head,,,,,,,,2024,Sheffield United
28,2024-03-16,,Premier League,Matchweek 29,Sat,Away,,,,Manchester Utd,,,,,,Head-to-Head,,,,,,,,2024,Sheffield United
29,2024-03-30,,Premier League,Matchweek 30,Sat,Home,,,,Fulham,,,,,,Head-to-Head,,,,,,,,2024,Sheffield United
30,2024-04-03,,Premier League,Matchweek 31,Wed,Away,,,,Liverpool,,,,,,Head-to-Head,,,,,,,,2024,Sheffield United
31,2024-04-06,,Premier League,Matchweek 32,Sat,Home,,,,Chelsea,,,,,,Head-to-Head,,,,,,,,2024,Sheffield United
32,2024-04-13,,Premier League,Matchweek 33,Sat,Away,,,,Brentford,,,,,,Head-to-Head,,,,,,,,2024,Sheffield United
33,2024-04-20,,Premier League,Matchweek 34,Sat,Home,,,,Burnley,,,,,,Head-to-Head,,,,,,,,2024,Sheffield United
34,2024-04-27,,Premier League,Matchweek 35,Sat,Away,,,,Newcastle Utd,,,,,,Head-to-Head,,,,,,,,2024,Sheffield United
35,2024-05-04,,Premier League,Matchweek 36,Sat,Home,,,,Nott'ham Forest,,,,,,Head-to-Head,,,,,,,,2024,Sheffield United
36,2024-05-11,,Premier League,Matchweek 37,Sat,Away,,,,Everton,,,,,,Head-to-Head,,,,,,,,2024,Sheffield United
37,2024-05-19,,Premier League,Matchweek 38,Sun,Home,,,,Tottenham,,,,,,Head-to-Head,,,,,,,,2024,Sheffield United
0,2023-08-13,14:00,Premier League,Matchweek 1,Sun,Away,,,,Brentford,,,,,,Head-to-Head,,,,,,,,2024,Tottenham Hotspur
1,2023-08-19,17:30,Premier League,Matchweek 2,Sat,Home,,,,Manchester Utd,,,,,,Head-to-Head,,,,,,,,2024,Tottenham Hotspur
2,2023-08-26,12:30,Premier League,Matchweek 3,Sat,Away,,,,Bournemouth,,,,,,Head-to-Head,,,,,,,,2024,Tottenham Hotspur
3,2023-09-02,15:00,Premier League,Matchweek 4,Sat,Away,,,,Burnley,,,,,,Head-to-Head,,,,,,,,2024,Tottenham Hotspur
4,2023-09-16,15:00,Premier League,Matchweek 5,Sat,Home,,,,Sheffield Utd,,,,,,Head-to-Head,,,,,,,,2024,Tottenham Hotspur
5,2023-09-24,14:00,Premier League,Matchweek 6,Sun,Away,,,,Arsenal,,,,,,Head-to-Head,,,,,,,,2024,Tottenham Hotspur
6,2023-09-30,17:30,Premier League,Matchweek 7,Sat,Home,,,,Liverpool,,,,,,Head-to-Head,,,,,,,,2024,Tottenham Hotspur
7,2023-10-07,,Premier League,Matchweek 8,Sat,Away,,,,Luton Town,,,,,,Head-to-Head,,,,,,,,2024,Tottenham Hotspur
8,2023-10-21,,Premier League,Matchweek 9,Sat,Home,,,,Fulham,,,,,,Head-to-Head,,,,,,,,2024,Tottenham Hotspur
9,2023-10-28,,Premier League,Matchweek 10,Sat,Away,,,,Crystal Palace,,,,,,Head-to-Head,,,,,,,,2024,Tottenham Hotspur
10,2023-11-04,,Premier League,Matchweek 11,Sat,Home,,,,Chelsea,,,,,,Head-to-Head,,,,,,,,2024,Tottenham Hotspur
11,2023-11-11,,Premier League,Matchweek 12,Sat,Away,,,,Wolves,,,,,,Head-to-Head,,,,,,,,2024,Tottenham Hotspur
12,2023-11-25,,Premier League,Matchweek 13,Sat,Home,,,,Aston Villa,,,,,,Head-to-Head,,,,,,,,2024,Tottenham Hotspur
13,2023-12-02,,Premier League,Matchweek 14,Sat,Away,,,,Manchester City,,,,,,Head-to-Head,,,,,,,,2024,Tottenham Hotspur
14,2023-12-05,,Premier League,Matchweek 15,Tue,Home,,,,West Ham,,,,,,Head-to-Head,,,,,,,,2024,Tottenham Hotspur
15,2023-12-09,,Premier League,Matchweek 16,Sat,Home,,,,Newcastle Utd,,,,,,Head-to-Head,,,,,,,,2024,Tottenham Hotspur
16,2023-12-16,,Premier League,Matchweek 17,Sat,Away,,,,Nott'ham Forest,,,,,,Head-to-Head,,,,,,,,2024,Tottenham Hotspur
17,2023-12-23,,Premier League,Matchweek 18,Sat,Home,,,,Everton,,,,,,Head-to-Head,,,,,,,,2024,Tottenham Hotspur
18,2023-12-26,,Premier League,Matchweek 19,Tue,Away,,,,Brighton,,,,,,Head-to-Head,,,,,,,,2024,Tottenham Hotspur
19,2023-12-30,,Premier League,Matchweek 20,Sat,Home,,,,Bournemouth,,,,,,Head-to-Head,,,,,,,,2024,Tottenham Hotspur
20,2024-01-13,,Premier League,Matchweek 21,Sat,Away,,,,Manchester Utd,,,,,,Head-to-Head,,,,,,,,2024,Tottenham Hotspur
21,2024-01-30,,Premier League,Matchweek 22,Tue,Home,,,,Brentford,,,,,,Head-to-Head,,,,,,,,2024,Tottenham Hotspur
22,2024-02-03,,Premier League,Matchweek 23,Sat,Away,,,,Everton,,,,,,Head-to-Head,,,,,,,,2024,Tottenham Hotspur
23,2024-02-10,,Premier League,Matchweek 24,Sat,Home,,,,Brighton,,,,,,Head-to-Head,,,,,,,,2024,Tottenham Hotspur
24,2024-02-17,,Premier League,Matchweek 25,Sat,Home,,,,Wolves,,,,,,Head-to-Head,,,,,,,,2024,Tottenham Hotspur
25,2024-02-24,,Premier League,Matchweek 26,Sat,Away,,,,Chelsea,,,,,,Head-to-Head,,,,,,,,2024,Tottenham Hotspur
26,2024-03-02,,Premier League,Matchweek 27,Sat,Home,,,,Crystal Palace,,,,,,Head-to-Head,,,,,,,,2024,Tottenham Hotspur
27,2024-03-09,,Premier League,Matchweek 28,Sat,Away,,,,Aston Villa,,,,,,Head-to-Head,,,,,,,,2024,Tottenham Hotspur
28,2024-03-16,,Premier League,Matchweek 29,Sat,Away,,,,Fulham,,,,,,Head-to-Head,,,,,,,,2024,Tottenham Hotspur
29,2024-03-30,,Premier League,Matchweek 30,Sat,Home,,,,Luton Town,,,,,,Head-to-Head,,,,,,,,2024,Tottenham Hotspur
30,2024-04-02,,Premier League,Matchweek 31,Tue,Away,,,,West Ham,,,,,,Head-to-Head,,,,,,,,2024,Tottenham Hotspur
31,2024-04-06,,Premier League,Matchweek 32,Sat,Home,,,,Nott'ham Forest,,,,,,Head-to-Head,,,,,,,,2024,Tottenham Hotspur
32,2024-04-13,,Premier League,Matchweek 33,Sat,Away,,,,Newcastle Utd,,,,,,Head-to-Head,,,,,,,,2024,Tottenham Hotspur
33,2024-04-20,,Premier League,Matchweek 34,Sat,Home,,,,Manchester City,,,,,,Head-to-Head,,,,,,,,2024,Tottenham Hotspur
34,2024-04-27,,Premier League,Matchweek 35,Sat,Home,,,,Arsenal,,,,,,Head-to-Head,,,,,,,,2024,Tottenham Hotspur
35,2024-05-04,,Premier League,Matchweek 36,Sat,Away,,,,Liverpool,,,,,,Head-to-Head,,,,,,,,2024,Tottenham Hotspur
36,2024-05-11,,Premier League,Matchweek 37,Sat,Home,,,,Burnley,,,,,,Head-to-Head,,,,,,,,2024,Tottenham Hotspur
37,2024-05-19,,Premier League,Matchweek 38,Sun,Away,,,,Sheffield Utd,,,,,,Head-to-Head,,,,,,,,2024,Tottenham Hotspur
0,2023-08-12,15:00,Premier League,Matchweek 1,Sat,Away,,,,Bournemouth,,,,,,Head-to-Head,,,,,,,,2024,West Ham United
1,2023-08-20,16:30,Premier League,Matchweek 2,Sun,Home,,,,Chelsea,,,,,,Head-to-Head,,,,,,,,2024,West Ham United
2,2023-08-26,17:30,Premier League,Matchweek 3,Sat,Away,,,,Brighton,,,,,,Head-to-Head,,,,,,,,2024,West Ham United
3,2023-09-01,20:00,Premier League,Matchweek 4,Fri,Away,,,,Luton Town,,,,,,Head-to-Head,,,,,,,,2024,West Ham United
4,2023-09-16,15:00,Premier League,Matchweek 5,Sat,Home,,,,Manchester City,,,,,,Head-to-Head,,,,,,,,2024,West Ham United
5,2023-09-24,14:00,Premier League,Matchweek 6,Sun,Away,,,,Liverpool,,,,,,Head-to-Head,,,,,,,,2024,West Ham United
6,2023-09-30,15:00,Premier League,Matchweek 7,Sat,Home,,,,Sheffield Utd,,,,,,Head-to-Head,,,,,,,,2024,West Ham United
7,2023-10-07,,Premier League,Matchweek 8,Sat,Home,,,,Newcastle Utd,,,,,,Head-to-Head,,,,,,,,2024,West Ham United
8,2023-10-21,,Premier League,Matchweek 9,Sat,Away,,,,Aston Villa,,,,,,Head-to-Head,,,,,,,,2024,West Ham United
9,2023-10-28,,Premier League,Matchweek 10,Sat,Home,,,,Everton,,,,,,Head-to-Head,,,,,,,,2024,West Ham United
10,2023-11-04,,Premier League,Matchweek 11,Sat,Away,,,,Brentford,,,,,,Head-to-Head,,,,,,,,2024,West Ham United
11,2023-11-11,,Premier League,Matchweek 12,Sat,Home,,,,Nott'ham Forest,,,,,,Head-to-Head,,,,,,,,2024,West Ham United
12,2023-11-25,,Premier League,Matchweek 13,Sat,Away,,,,Burnley,,,,,,Head-to-Head,,,,,,,,2024,West Ham United
13,2023-12-02,,Premier League,Matchweek 14,Sat,Home,,,,Crystal Palace,,,,,,Head-to-Head,,,,,,,,2024,West Ham United
14,2023-12-05,,Premier League,Matchweek 15,Tue,Away,,,,Tottenham,,,,,,Head-to-Head,,,,,,,,2024,West Ham United
15,2023-12-09,,Premier League,Matchweek 16,Sat,Away,,,,Fulham,,,,,,Head-to-Head,,,,,,,,2024,West Ham United
16,2023-12-16,,Premier League,Matchweek 17,Sat,Home,,,,Wolves,,,,,,Head-to-Head,,,,,,,,2024,West Ham United
17,2023-12-23,,Premier League,Matchweek 18,Sat,Home,,,,Manchester Utd,,,,,,Head-to-Head,,,,,,,,2024,West Ham United
18,2023-12-26,,Premier League,Matchweek 19,Tue,Away,,,,Arsenal,,,,,,Head-to-Head,,,,,,,,2024,West Ham United
19,2023-12-30,,Premier League,Matchweek 20,Sat,Home,,,,Brighton,,,,,,Head-to-Head,,,,,,,,2024,West Ham United
20,2024-01-13,,Premier League,Matchweek 21,Sat,Away,,,,Sheffield Utd,,,,,,Head-to-Head,,,,,,,,2024,West Ham United
21,2024-01-30,,Premier League,Matchweek 22,Tue,Home,,,,Bournemouth,,,,,,Head-to-Head,,,,,,,,2024,West Ham United
22,2024-02-03,,Premier League,Matchweek 23,Sat,Away,,,,Manchester Utd,,,,,,Head-to-Head,,,,,,,,2024,West Ham United
23,2024-02-10,,Premier League,Matchweek 24,Sat,Home,,,,Arsenal,,,,,,Head-to-Head,,,,,,,,2024,West Ham United
24,2024-02-17,,Premier League,Matchweek 25,Sat,Away,,,,Nott'ham Forest,,,,,,Head-to-Head,,,,,,,,2024,West Ham United
25,2024-02-24,,Premier League,Matchweek 26,Sat,Home,,,,Brentford,,,,,,Head-to-Head,,,,,,,,2024,West Ham United
26,2024-03-02,,Premier League,Matchweek 27,Sat,Away,,,,Everton,,,,,,Head-to-Head,,,,,,,,2024,West Ham United
27,2024-03-09,,Premier League,Matchweek 28,Sat,Home,,,,Burnley,,,,,,Head-to-Head,,,,,,,,2024,West Ham United
28,2024-03-16,,Premier League,Matchweek 29,Sat,Home,,,,Aston Villa,,,,,,Head-to-Head,,,,,,,,2024,West Ham United
29,2024-03-30,,Premier League,Matchweek 30,Sat,Away,,,,Newcastle Utd,,,,,,Head-to-Head,,,,,,,,2024,West Ham United
30,2024-04-02,,Premier League,Matchweek 31,Tue,Home,,,,Tottenham,,,,,,Head-to-Head,,,,,,,,2024,West Ham United
31,2024-04-06,,Premier League,Matchweek 32,Sat,Away,,,,Wolves,,,,,,Head-to-Head,,,,,,,,2024,West Ham United
32,2024-04-13,,Premier League,Matchweek 33,Sat,Home,,,,Fulham,,,,,,Head-to-Head,,,,,,,,2024,West Ham United
33,2024-04-20,,Premier League,Matchweek 34,Sat,Away,,,,Crystal Palace,,,,,,Head-to-Head,,,,,,,,2024,West Ham United
34,2024-04-27,,Premier League,Matchweek 35,Sat,Home,,,,Liverpool,,,,,,Head-to-Head,,,,,,,,2024,West Ham United
35,2024-05-04,,Premier League,Matchweek 36,Sat,Away,,,,Chelsea,,,,,,Head-to-Head,,,,,,,,2024,West Ham United
36,2024-05-11,,Premier League,Matchweek 37,Sat,Home,,,,Luton Town,,,,,,Head-to-Head,,,,,,,,2024,West Ham United
37,2024-05-19,,Premier League,Matchweek 38,Sun,Away,,,,Manchester City,,,,,,Head-to-Head,,,,,,,,2024,West Ham United
0,2023-08-14,20:00,Premier League,Matchweek 1,Mon,Away,,,,Manchester Utd,,,,,,Head-to-Head,,,,,,,,2024,Wolverhampton Wanderers
1,2023-08-19,15:00,Premier League,Matchweek 2,Sat,Home,,,,Brighton,,,,,,Head-to-Head,,,,,,,,2024,Wolverhampton Wanderers
2,2023-08-26,15:00,Premier League,Matchweek 3,Sat,Away,,,,Everton,,,,,,Head-to-Head,,,,,,,,2024,Wolverhampton Wanderers
3,2023-09-03,14:00,Premier League,Matchweek 4,Sun,Away,,,,Crystal Palace,,,,,,Head-to-Head,,,,,,,,2024,Wolverhampton Wanderers
4,2023-09-16,12:30,Premier League,Matchweek 5,Sat,Home,,,,Liverpool,,,,,,Head-to-Head,,,,,,,,2024,Wolverhampton Wanderers
5,2023-09-23,15:00,Premier League,Matchweek 6,Sat,Away,,,,Luton Town,,,,,,Head-to-Head,,,,,,,,2024,Wolverhampton Wanderers
6,2023-09-30,15:00,Premier League,Matchweek 7,Sat,Home,,,,Manchester City,,,,,,Head-to-Head,,,,,,,,2024,Wolverhampton Wanderers
7,2023-10-07,,Premier League,Matchweek 8,Sat,Home,,,,Aston Villa,,,,,,Head-to-Head,,,,,,,,2024,Wolverhampton Wanderers
8,2023-10-21,,Premier League,Matchweek 9,Sat,Away,,,,Bournemouth,,,,,,Head-to-Head,,,,,,,,2024,Wolverhampton Wanderers
9,2023-10-28,,Premier League,Matchweek 10,Sat,Home,,,,Newcastle Utd,,,,,,Head-to-Head,,,,,,,,2024,Wolverhampton Wanderers
10,2023-11-04,,Premier League,Matchweek 11,Sat,Away,,,,Sheffield Utd,,,,,,Head-to-Head,,,,,,,,2024,Wolverhampton Wanderers
11,2023-11-11,,Premier League,Matchweek 12,Sat,Home,,,,Tottenham,,,,,,Head-to-Head,,,,,,,,2024,Wolverhampton Wanderers
12,2023-11-25,,Premier League,Matchweek 13,Sat,Away,,,,Fulham,,,,,,Head-to-Head,,,,,,,,2024,Wolverhampton Wanderers
13,2023-12-02,,Premier League,Matchweek 14,Sat,Away,,,,Arsenal,,,,,,Head-to-Head,,,,,,,,2024,Wolverhampton Wanderers
14,2023-12-05,,Premier League,Matchweek 15,Tue,Home,,,,Burnley,,,,,,Head-to-Head,,,,,,,,2024,Wolverhampton Wanderers
15,2023-12-09,,Premier League,Matchweek 16,Sat,Home,,,,Nott'ham Forest,,,,,,Head-to-Head,,,,,,,,2024,Wolverhampton Wanderers
16,2023-12-16,,Premier League,Matchweek 17,Sat,Away,,,,West Ham,,,,,,Head-to-Head,,,,,,,,2024,Wolverhampton Wanderers
17,2023-12-23,,Premier League,Matchweek 18,Sat,Home,,,,Chelsea,,,,,,Head-to-Head,,,,,,,,2024,Wolverhampton Wanderers
18,2023-12-26,,Premier League,Matchweek 19,Tue,Away,,,,Brentford,,,,,,Head-to-Head,,,,,,,,2024,Wolverhampton Wanderers
19,2023-12-30,,Premier League,Matchweek 20,Sat,Home,,,,Everton,,,,,,Head-to-Head,,,,,,,,2024,Wolverhampton Wanderers
20,2024-01-13,,Premier League,Matchweek 21,Sat,Away,,,,Brighton,,,,,,Head-to-Head,,,,,,,,2024,Wolverhampton Wanderers
21,2024-01-30,,Premier League,Matchweek 22,Tue,Home,,,,Manchester Utd,,,,,,Head-to-Head,,,,,,,,2024,Wolverhampton Wanderers
22,2024-02-03,,Premier League,Matchweek 23,Sat,Away,,,,Chelsea,,,,,,Head-to-Head,,,,,,,,2024,Wolverhampton Wanderers
23,2024-02-10,,Premier League,Matchweek 24,Sat,Home,,,,Brentford,,,,,,Head-to-Head,,,,,,,,2024,Wolverhampton Wanderers
24,2024-02-17,,Premier League,Matchweek 25,Sat,Away,,,,Tottenham,,,,,,Head-to-Head,,,,,,,,2024,Wolverhampton Wanderers
25,2024-02-24,,Premier League,Matchweek 26,Sat,Home,,,,Sheffield Utd,,,,,,Head-to-Head,,,,,,,,2024,Wolverhampton Wanderers
26,2024-03-02,,Premier League,Matchweek 27,Sat,Away,,,,Newcastle Utd,,,,,,Head-to-Head,,,,,,,,2024,Wolverhampton Wanderers
27,2024-03-09,,Premier League,Matchweek 28,Sat,Home,,,,Fulham,,,,,,Head-to-Head,,,,,,,,2024,Wolverhampton Wanderers
28,2024-03-16,,Premier League,Matchweek 29,Sat,Home,,,,Bournemouth,,,,,,Head-to-Head,,,,,,,,2024,Wolverhampton Wanderers
29,2024-03-30,,Premier League,Matchweek 30,Sat,Away,,,,Aston Villa,,,,,,Head-to-Head,,,,,,,,2024,Wolverhampton Wanderers
30,2024-04-02,,Premier League,Matchweek 31,Tue,Away,,,,Burnley,,,,,,Head-to-Head,,,,,,,,2024,Wolverhampton Wanderers
31,2024-04-06,,Premier League,Matchweek 32,Sat,Home,,,,West Ham,,,,,,Head-to-Head,,,,,,,,2024,Wolverhampton Wanderers
32,2024-04-13,,Premier League,Matchweek 33,Sat,Away,,,,Nott'ham Forest,,,,,,Head-to-Head,,,,,,,,2024,Wolverhampton Wanderers
33,2024-04-20,,Premier League,Matchweek 34,Sat,Home,,,,Arsenal,,,,,,Head-to-Head,,,,,,,,2024,Wolverhampton Wanderers
34,2024-04-27,,Premier League,Matchweek 35,Sat,Home,,,,Luton Town,,,,,,Head-to-Head,,,,,,,,2024,Wolverhampton Wanderers
35,2024-05-04,,Premier League,Matchweek 36,Sat,Away,,,,Manchester City,,,,,,Head-to-Head,,,,,,,,2024,Wolverhampton Wanderers
36,2024-05-11,,Premier League,Matchweek 37,Sat,Home,,,,Crystal Palace,,,,,,Head-to-Head,,,,,,,,2024,Wolverhampton Wanderers
37,2024-05-19,,Premier League,Matchweek 38,Sun,Away,,,,Liverpool,,,,,,Head-to-Head,,,,,,,,2024,Wolverhampton Wanderers
